Country Name,Country Code,Indicator Name,Indicator Code,1960,1961,1962,1963,1964,1965,1966,1967,1968,1969,1970,1971,1972,1973,1974,1975,1976,1977,1978,1979,1980,1981,1982,1983,1984,1985,1986,1987,1988,1989,1990,1991,1992,1993,1994,1995,1996,1997,1998,1999,2000,2001,2002,2003,2004,2005,2006,2007,2008,2009,2010,2011,2012,2013,2014,2015,2016,2017,2018,2019,2020,2021,2022,2023
阿鲁巴,ABW,贫困人口比例，按国家贫困线衡量的（2017 PPP）（占人口的百分比）,SI.POV.NAHC,,,,,,,,,,,,,,,,,,,,,,,,,,,,,,,,,,,,,,,,,,,,,,,,,,,,,,,,,,,,,,,,
,AFE,贫困人口比例，按国家贫困线衡量的（2017 PPP）（占人口的百分比）,SI.POV.NAHC,,,,,,,,,,,,,,,,,,,,,,,,,,,,,,,,,,,,,,,,,,,,,,,,,,,,,,,,,,,,,,,,
阿富汗,AFG,贫困人口比例，按国家贫困线衡量的（2017 PPP）（占人口的百分比）,SI.POV.NAHC,,,,,,,,,,,,,,,,,,,,,,,,,,,,,,,,,,,,,,,,,,,,,,,,33.7,,,,38.3,,,,,54.5,,,,,,,
,AFW,贫困人口比例，按国家贫困线衡量的（2017 PPP）（占人口的百分比）,SI.POV.NAHC,,,,,,,,,,,,,,,,,,,,,,,,,,,,,,,,,,,,,,,,,,,,,,,,,,,,,,,,,,,,,,,,
安哥拉,AGO,贫困人口比例，按国家贫困线衡量的（2017 PPP）（占人口的百分比）,SI.POV.NAHC,,,,,,,,,,,,,,,,,,,,,,,,,,,,,,,,,,,,,,,,,,,,,,,,,,,,,,,,,,,32.3,,,,,
阿尔巴尼亚,ALB,贫困人口比例，按国家贫困线衡量的（2017 PPP）（占人口的百分比）,SI.POV.NAHC,,,,,,,,,,,,,,,,,,,,,,,,,,,,,,,,,,,,,,,,,,,25.4,,,18.5,,,,,,,,,,,23.7,23.4,23,21.8,22,,,
安道尔共和国,AND,贫困人口比例，按国家贫困线衡量的（2017 PPP）（占人口的百分比）,SI.POV.NAHC,,,,,,,,,,,,,,,,,,,,,,,,,,,,,,,,,,,,,,,,,,,,,,,,,,,,,,,,,,,,,,,,
阿拉伯联盟国家,ARB,贫困人口比例，按国家贫困线衡量的（2017 PPP）（占人口的百分比）,SI.POV.NAHC,,,,,,,,,,,,,,,,,,,,,,,,,,,,,,,,,,,,,,,,,,,,,,,,,,,,,,,,,,,,,,,,
阿拉伯联合酋长国,ARE,贫困人口比例，按国家贫困线衡量的（2017 PPP）（占人口的百分比）,SI.POV.NAHC,,,,,,,,,,,,,,,,,,,,,,,,,,,,,,,,,,,,,,,,,,,,,,,,,,,,,,,,,,,,,,,,
阿根廷,ARG,贫困人口比例，按国家贫困线衡量的（2017 PPP）（占人口的百分比）,SI.POV.NAHC,,,,,,,,,,,,,,,,,,,,,,,,,,,,,,,,,,,,,,,,,,,,,,,,,,,,,,,,,30.3,25.7,32,35.5,42,37.3,39.2,
亚美尼亚,ARM,贫困人口比例，按国家贫困线衡量的（2017 PPP）（占人口的百分比）,SI.POV.NAHC,,,,,,,,,,,,,,,,,,,,,,,,,,,,,,,,,,,,,,,,,,,,,,,,,,,,,,,,,,,,26.4,27,26.5,24.8,
美属萨摩亚,ASM,贫困人口比例，按国家贫困线衡量的（2017 PPP）（占人口的百分比）,SI.POV.NAHC,,,,,,,,,,,,,,,,,,,,,,,,,,,,,,,,,,,,,,,,,,,,,,,,,,,,,,,,,,,,,,,,
安提瓜和巴布达,ATG,贫困人口比例，按国家贫困线衡量的（2017 PPP）（占人口的百分比）,SI.POV.NAHC,,,,,,,,,,,,,,,,,,,,,,,,,,,,,,,,,,,,,,,,,,,,,,,,,,,,,,,,,,,,,,,,
澳大利亚,AUS,贫困人口比例，按国家贫困线衡量的（2017 PPP）（占人口的百分比）,SI.POV.NAHC,,,,,,,,,,,,,,,,,,,,,,,,,,,,,,,,,,,,,,,,,,,,,,,,,,,,,,,,,,,,,,,,
奥地利,AUT,贫困人口比例，按国家贫困线衡量的（2017 PPP）（占人口的百分比）,SI.POV.NAHC,,,,,,,,,,,,,,,,,,,,,,,,,,,,,,,,,,,,,,,,,,,13.2,13,12.6,12.6,12,15.2,14.5,14.7,14.5,14.4,14.4,14.1,13.9,14.1,14.4,14.3,13.3,13.9,14.7,14.8,,
阿塞拜疆,AZE,贫困人口比例，按国家贫困线衡量的（2017 PPP）（占人口的百分比）,SI.POV.NAHC,,,,,,,,,,,,,,,,,,,,,,,,,,,,,,,,,,,,,,,,,,49.6,,,,,,15.8,13.2,10.9,9.1,7.6,6,,,,,,,,,,,
布隆迪,BDI,贫困人口比例，按国家贫困线衡量的（2017 PPP）（占人口的百分比）,SI.POV.NAHC,,,,,,,,,,,,,,,,,,,,,,,,,,,,,,,,,,,,,,,,,,,,,,,67.1,,,,,,,64.9,,,,,,,,,,
比利时,BEL,贫困人口比例，按国家贫困线衡量的（2017 PPP）（占人口的百分比）,SI.POV.NAHC,,,,,,,,,,,,,,,,,,,,,,,,,,,,,,,,,,,,,,,,,,,,,,,,,,,,,,,,,,,14.8,14.1,12.7,13.2,12.3,
贝宁,BEN,贫困人口比例，按国家贫困线衡量的（2017 PPP）（占人口的百分比）,SI.POV.NAHC,,,,,,,,,,,,,,,,,,,,,,,,,,,,,,,,,,,,,,,,,,,,,,,37.5,33,,,35.2,36.2,,,,40.1,,,38.5,,,,,
布基纳法索,BFA,贫困人口比例，按国家贫困线衡量的（2017 PPP）（占人口的百分比）,SI.POV.NAHC,,,,,,,,,,,,,,,,,,,,,,,,,,,,,,,,,,,,,,,,,,,,,,,,,,,,,,,,,,,41.4,,,43.2,,
孟加拉国,BGD,贫困人口比例，按国家贫困线衡量的（2017 PPP）（占人口的百分比）,SI.POV.NAHC,,,,,,,,,,,,,,,,,,,,,,,,,,,,,,,,,,,,,,,,,,,,,,,,,,,,,,,,,,,,,,,18.7,
保加利亚,BGR,贫困人口比例，按国家贫困线衡量的（2017 PPP）（占人口的百分比）,SI.POV.NAHC,,,,,,,,,,,,,,,,,,,,,,,,,,,,,,,,,,,,,,,,,,,,,,,,,,,,,,,,22.9,23.4,22,22.6,23.8,22.1,22.9,20.6,
巴林,BHR,贫困人口比例，按国家贫困线衡量的（2017 PPP）（占人口的百分比）,SI.POV.NAHC,,,,,,,,,,,,,,,,,,,,,,,,,,,,,,,,,,,,,,,,,,,,,,,,,,,,,,,,,,,,,,,,
巴哈马,BHS,贫困人口比例，按国家贫困线衡量的（2017 PPP）（占人口的百分比）,SI.POV.NAHC,,,,,,,,,,,,,,,,,,,,,,,,,,,,,,,,,,,,,,,,,,,,,,,,,,,,,,,,,,,,,,,,
波斯尼亚和黑塞哥维那,BIH,贫困人口比例，按国家贫困线衡量的（2017 PPP）（占人口的百分比）,SI.POV.NAHC,,,,,,,,,,,,,,,,,,,,,,,,,,,,,,,,,,,,,,,,,,,,,,,,18.2,,,,17.9,,,,16.9,,,,,,,,
白俄罗斯,BLR,贫困人口比例，按国家贫困线衡量的（2017 PPP）（占人口的百分比）,SI.POV.NAHC,,,,,,,,,,,,,,,,,,,,,,,,,,,,,,,,,,,,,,,,,41.9,28.9,30.5,27.1,17.8,12.7,11.1,7.7,6.1,5.4,5.2,7.3,6.3,5.5,4.8,5.1,5.7,5.9,5.6,5,4.8,4.1,3.9,
伯利兹,BLZ,贫困人口比例，按国家贫困线衡量的（2017 PPP）（占人口的百分比）,SI.POV.NAHC,,,,,,,,,,,,,,,,,,,,,,,,,,,,,,,,,,,,,,,,,,,,,,,,,,,,,,,,,,,,,,,,
百慕大,BMU,贫困人口比例，按国家贫困线衡量的（2017 PPP）（占人口的百分比）,SI.POV.NAHC,,,,,,,,,,,,,,,,,,,,,,,,,,,,,,,,,,,,,,,,,,,,,,,,,,,,,,,,,,,,,,,,
玻利维亚,BOL,贫困人口比例，按国家贫困线衡量的（2017 PPP）（占人口的百分比）,SI.POV.NAHC,,,,,,,,,,,,,,,,,,,,,,,,,,,,,,,,,,,,,,,,,66.4,63.1,63.3,,63.1,60.6,59.9,60.1,57.3,51.3,,45.1,43.3,38.9,39.1,38.6,39.5,36.4,34.5,37.2,39,36.4,,
巴西,BRA,贫困人口比例，按国家贫困线衡量的（2017 PPP）（占人口的百分比）,SI.POV.NAHC,,,,,,,,,,,,,,,,,,,,,,,,,,,,,,,,,,,,,,,,,,,,,,,,,,,,,,,,,,,,,,,,
巴巴多斯,BRB,贫困人口比例，按国家贫困线衡量的（2017 PPP）（占人口的百分比）,SI.POV.NAHC,,,,,,,,,,,,,,,,,,,,,,,,,,,,,,,,,,,,,,,,,,,,,,,,,,,,,,,,,,,,,,,,
文莱达鲁萨兰国,BRN,贫困人口比例，按国家贫困线衡量的（2017 PPP）（占人口的百分比）,SI.POV.NAHC,,,,,,,,,,,,,,,,,,,,,,,,,,,,,,,,,,,,,,,,,,,,,,,,,,,,,,,,,,,,,,,,
不丹,BTN,贫困人口比例，按国家贫困线衡量的（2017 PPP）（占人口的百分比）,SI.POV.NAHC,,,,,,,,,,,,,,,,,,,,,,,,,,,,,,,,,,,,,,,,,,,,,,,,,,,,,,,,,,,,,,,12.4,
博茨瓦纳,BWA,贫困人口比例，按国家贫困线衡量的（2017 PPP）（占人口的百分比）,SI.POV.NAHC,,,,,,,,,,,,,,,,,,,,,,,,,,,,,,,,,,,,,,,,,,,30.6,,,,,,,19.3,,,,,,16.1,,,,,,,,
中非共和国,CAF,贫困人口比例，按国家贫困线衡量的（2017 PPP）（占人口的百分比）,SI.POV.NAHC,,,,,,,,,,,,,,,,,,,,,,,,,,,,,,,,,,,,,,,,,,,,,,,,,,,,,,,,,,,,,,68.8,,
加拿大,CAN,贫困人口比例，按国家贫困线衡量的（2017 PPP）（占人口的百分比）,SI.POV.NAHC,,,,,,,,,,,,,,,,,,,,,,,,,,,,,,,,,,,,,,,,,,,,,,,,,,,,,,,,,,,,,,,,
中歐和波羅的海,CEB,贫困人口比例，按国家贫困线衡量的（2017 PPP）（占人口的百分比）,SI.POV.NAHC,,,,,,,,,,,,,,,,,,,,,,,,,,,,,,,,,,,,,,,,,,,,,,,,,,,,,,,,,,,,,,,,
瑞士,CHE,贫困人口比例，按国家贫困线衡量的（2017 PPP）（占人口的百分比）,SI.POV.NAHC,,,,,,,,,,,,,,,,,,,,,,,,,,,,,,,,,,,,,,,,,,,,,,,15,15.7,15.6,15,15,15.9,14.5,13.8,15.6,14.7,15.5,14.6,16,15.5,14.7,15.8,,
海峡群岛,CHI,贫困人口比例，按国家贫困线衡量的（2017 PPP）（占人口的百分比）,SI.POV.NAHC,,,,,,,,,,,,,,,,,,,,,,,,,,,,,,,,,,,,,,,,,,,,,,,,,,,,,,,,,,,,,,,,
智利,CHL,贫困人口比例，按国家贫困线衡量的（2017 PPP）（占人口的百分比）,SI.POV.NAHC,,,,,,,,,,,,,,,,,,,,,,,,,,,,,,,,,,,,,,,,,36,,,35.4,,,29.1,,,25.3,,22.2,,14.4,,11.7,,8.6,,,10.8,,6.5,
中国,CHN,贫困人口比例，按国家贫困线衡量的（2017 PPP）（占人口的百分比）,SI.POV.NAHC,,,,,,,,,,,,,,,,,,,,,,,,,,,,,,,,,,,,,,,,,49.8,,,,,30.2,,,,,17.2,12.7,10.2,8.5,7.2,5.7,4.5,3.1,1.7,0.6,0,,,
科特迪瓦,CIV,贫困人口比例，按国家贫困线衡量的（2017 PPP）（占人口的百分比）,SI.POV.NAHC,,,,,,,,,,,,,,,,,,,,,,,,,,,,,,,,,,,,,,,,,,,,,,,,,,,,,,,,44.4,,,39.5,,,37.5,,
喀麦隆,CMR,贫困人口比例，按国家贫困线衡量的（2017 PPP）（占人口的百分比）,SI.POV.NAHC,,,,,,,,,,,,,,,,,,,,,,,,,,,,,,,,,,,,,,,,,,40.2,,,,,,39.9,,,,,,,37.5,,,,,,,,,
刚果（金）,COD,贫困人口比例，按国家贫困线衡量的（2017 PPP）（占人口的百分比）,SI.POV.NAHC,,,,,,,,,,,,,,,,,,,,,,,,,,,,,,,,,,,,,,,,,,,,,69.3,,,,,,,,63.9,,,,,,,,,,,
刚果（布）,COG,贫困人口比例，按国家贫困线衡量的（2017 PPP）（占人口的百分比）,SI.POV.NAHC,,,,,,,,,,,,,,,,,,,,,,,,,,,,,,,,,,,,,,,,,,,,,,50.7,,,,,,40.9,,,,,,,,,,,,
哥伦比亚,COL,贫困人口比例，按国家贫困线衡量的（2017 PPP）（占人口的百分比）,SI.POV.NAHC,,,,,,,,,,,,,,,,,,,,,,,,,,,,,,,,,,,,,,,,,,,,,,,,,,,,,,,,,,,,,,39.7,36.6,
科摩罗,COM,贫困人口比例，按国家贫困线衡量的（2017 PPP）（占人口的百分比）,SI.POV.NAHC,,,,,,,,,,,,,,,,,,,,,,,,,,,,,,,,,,,,,,,,,,,,,,,,,,,,,,42.4,,,,,,,,,,
佛得角,CPV,贫困人口比例，按国家贫困线衡量的（2017 PPP）（占人口的百分比）,SI.POV.NAHC,,,,,,,,,,,,,,,,,,,,,,,,,,,,,,,,,,,,,,,,,,56.8,,,,,,45.4,,,,,,,,35.2,,,,,,,,
哥斯达黎加,CRI,贫困人口比例，按国家贫困线衡量的（2017 PPP）（占人口的百分比）,SI.POV.NAHC,,,,,,,,,,,,,,,,,,,,,,,,,,,,,,,,,,,,,,,,,,,,,,,,,,,,24.8,23.5,23.3,24.6,23.6,22.9,22.1,22.9,23.9,30,26.2,25.5,
加勒比小国,CSS,贫困人口比例，按国家贫困线衡量的（2017 PPP）（占人口的百分比）,SI.POV.NAHC,,,,,,,,,,,,,,,,,,,,,,,,,,,,,,,,,,,,,,,,,,,,,,,,,,,,,,,,,,,,,,,,
古巴,CUB,贫困人口比例，按国家贫困线衡量的（2017 PPP）（占人口的百分比）,SI.POV.NAHC,,,,,,,,,,,,,,,,,,,,,,,,,,,,,,,,,,,,,,,,,,,,,,,,,,,,,,,,,,,,,,,,
库拉索,CUW,贫困人口比例，按国家贫困线衡量的（2017 PPP）（占人口的百分比）,SI.POV.NAHC,,,,,,,,,,,,,,,,,,,,,,,,,,,,,,,,,,,,,,,,,,,,,,,,,,,,,,,,,,,,,,,,
开曼群岛,CYM,贫困人口比例，按国家贫困线衡量的（2017 PPP）（占人口的百分比）,SI.POV.NAHC,,,,,,,,,,,,,,,,,,,,,,,,,,,,,,,,,,,,,,,,,,,,,,,,,,,,,,,,,,,,,,,,
塞浦路斯,CYP,贫困人口比例，按国家贫困线衡量的（2017 PPP）（占人口的百分比）,SI.POV.NAHC,,,,,,,,,,,,,,,,,,,,,,,,,,,,,,,,,,,,,,,,,,,,,16.1,15.6,15.5,15.9,15.8,15.6,14.8,14.7,15.3,14.4,16.2,16.1,15.7,15.4,14.7,14.3,13.8,13.9,,
捷克共和国,CZE,贫困人口比例，按国家贫困线衡量的（2017 PPP）（占人口的百分比）,SI.POV.NAHC,,,,,,,,,,,,,,,,,,,,,,,,,,,,,,,,,,,,,,,,,,,,,10.4,9.9,9.6,9,8.6,9,9.8,9.6,8.6,9.7,9.7,9.7,9.1,9.6,10.1,9.5,8.6,10.2,,
德国,DEU,贫困人口比例，按国家贫困线衡量的（2017 PPP）（占人口的百分比）,SI.POV.NAHC,,,,,,,,,,,,,,,,,,,,,,,,,,,,,,,,,,,,,,,,,,,,,,,,,,,,,,,,,,,,16.1,16,14.8,,
吉布提,DJI,贫困人口比例，按国家贫困线衡量的（2017 PPP）（占人口的百分比）,SI.POV.NAHC,,,,,,,,,,,,,,,,,,,,,,,,,,,,,,,,,,,,,,,,,,,,,,,,,,,,,,,,,,21.1,,,,,,
多米尼克,DMA,贫困人口比例，按国家贫困线衡量的（2017 PPP）（占人口的百分比）,SI.POV.NAHC,,,,,,,,,,,,,,,,,,,,,,,,,,,,,,,,,,,,,,,,,,,,,,,,,,,,,,,,,,,,,,,,
丹麦,DNK,贫困人口比例，按国家贫困线衡量的（2017 PPP）（占人口的百分比）,SI.POV.NAHC,,,,,,,,,,,,,,,,,,,,,,,,,,,,,,,,,,,,,,,,,,,,,,,,,,,,,,,,,,,,12.1,12.3,12.4,,
多米尼加共和国,DOM,贫困人口比例，按国家贫困线衡量的（2017 PPP）（占人口的百分比）,SI.POV.NAHC,,,,,,,,,,,,,,,,,,,,,,,,,,,,,,,,,,,,,,,,,,,,,,,,,,,,,,,,,,25.6,22.8,21,23.4,23.9,,
阿尔及利亚,DZA,贫困人口比例，按国家贫困线衡量的（2017 PPP）（占人口的百分比）,SI.POV.NAHC,,,,,,,,,,,,,,,,,,,,,,,,,,,,,,,,,,,,,,,,,,,,,,,,,,,,5.5,,,,,,,,,,,,
东亚与太平洋地区（不包括高收入）,EAP,贫困人口比例，按国家贫困线衡量的（2017 PPP）（占人口的百分比）,SI.POV.NAHC,,,,,,,,,,,,,,,,,,,,,,,,,,,,,,,,,,,,,,,,,,,,,,,,,,,,,,,,,,,,,,,,
早人口紅利,EAR,贫困人口比例，按国家贫困线衡量的（2017 PPP）（占人口的百分比）,SI.POV.NAHC,,,,,,,,,,,,,,,,,,,,,,,,,,,,,,,,,,,,,,,,,,,,,,,,,,,,,,,,,,,,,,,,
东亚与太平洋地区,EAS,贫困人口比例，按国家贫困线衡量的（2017 PPP）（占人口的百分比）,SI.POV.NAHC,,,,,,,,,,,,,,,,,,,,,,,,,,,,,,,,,,,,,,,,,,,,,,,,,,,,,,,,,,,,,,,,
欧洲与中亚地区（不包括高收入）,ECA,贫困人口比例，按国家贫困线衡量的（2017 PPP）（占人口的百分比）,SI.POV.NAHC,,,,,,,,,,,,,,,,,,,,,,,,,,,,,,,,,,,,,,,,,,,,,,,,,,,,,,,,,,,,,,,,
欧洲与中亚地区,ECS,贫困人口比例，按国家贫困线衡量的（2017 PPP）（占人口的百分比）,SI.POV.NAHC,,,,,,,,,,,,,,,,,,,,,,,,,,,,,,,,,,,,,,,,,,,,,,,,,,,,,,,,,,,,,,,,
厄瓜多尔,ECU,贫困人口比例，按国家贫困线衡量的（2017 PPP）（占人口的百分比）,SI.POV.NAHC,,,,,,,,,,,,,,,,,,,,,,,,,,,,,,,,,,,,,,,,,,,,,,,,36.7,35.1,36,32.8,28.6,27.3,25.6,22.5,23.3,22.9,21.5,23.2,25,33,27.7,25.2,
阿拉伯埃及共和国,EGY,贫困人口比例，按国家贫困线衡量的（2017 PPP）（占人口的百分比）,SI.POV.NAHC,,,,,,,,,,,,,,,,,,,,,,,,,,,,,,,,,,,,,,,,,,,,,,,,,,,,,,,,,,,,29.7,,,,
欧洲货币联盟,EMU,贫困人口比例，按国家贫困线衡量的（2017 PPP）（占人口的百分比）,SI.POV.NAHC,,,,,,,,,,,,,,,,,,,,,,,,,,,,,,,,,,,,,,,,,,,,,,,,,,,,,,,,,,,,,,,,
厄立特里亚,ERI,贫困人口比例，按国家贫困线衡量的（2017 PPP）（占人口的百分比）,SI.POV.NAHC,,,,,,,,,,,,,,,,,,,,,,,,,,,,,,,,,,,,,,,,,,,,,,,,,,,,,,,,,,,,,,,,
西班牙,ESP,贫困人口比例，按国家贫困线衡量的（2017 PPP）（占人口的百分比）,SI.POV.NAHC,,,,,,,,,,,,,,,,,,,,,,,,,,,,,,,,,,,,,,,,,,,,20.1,20.1,20.3,19.7,19.8,20.4,20.7,20.6,20.8,20.4,22.2,22.1,22.3,21.6,21.5,20.7,21,21.7,20.4,20.2,
爱沙尼亚,EST,贫困人口比例，按国家贫困线衡量的（2017 PPP）（占人口的百分比）,SI.POV.NAHC,,,,,,,,,,,,,,,,,,,,,,,,,,,,,,,,,,,,,,,,,,,,20.2,18.3,18.3,19.4,19.5,19.7,15.8,17.5,17.5,18.6,21.8,21.6,21.7,21,21.9,21.7,20.7,20.6,22.8,22.5,
埃塞俄比亚,ETH,贫困人口比例，按国家贫困线衡量的（2017 PPP）（占人口的百分比）,SI.POV.NAHC,,,,,,,,,,,,,,,,,,,,,,,,,,,,,,,,,,,,,,,,,,,,,38.7,,,,,,29.6,,,,,23.5,,,,,,,,
欧洲联盟,EUU,贫困人口比例，按国家贫困线衡量的（2017 PPP）（占人口的百分比）,SI.POV.NAHC,,,,,,,,,,,,,,,,,,,,,,,,,,,,,,,,,,,,,,,,,,,,,,,,,,,,,,,,,,,,,,,,
脆弱和受衝突影響的情況下,FCS,贫困人口比例，按国家贫困线衡量的（2017 PPP）（占人口的百分比）,SI.POV.NAHC,,,,,,,,,,,,,,,,,,,,,,,,,,,,,,,,,,,,,,,,,,,,,,,,,,,,,,,,,,,,,,,,
芬兰,FIN,贫困人口比例，按国家贫困线衡量的（2017 PPP）（占人口的百分比）,SI.POV.NAHC,,,,,,,,,,,,,,,,,,,,,,,,,,,,,,,,,,,,,,,,,,,,11,11.7,12.6,13,13.6,13.8,13.1,13.7,13.2,11.8,12.8,12.4,11.6,11.5,12,11.6,12.2,10.8,12.7,12.2,
斐济,FJI,贫困人口比例，按国家贫困线衡量的（2017 PPP）（占人口的百分比）,SI.POV.NAHC,,,,,,,,,,,,,,,,,,,,,,,,,,,,,,,,,,,,,,,,,,,,,,,,,,,,,,,,,,,,24.1,,,,
法国,FRA,贫困人口比例，按国家贫困线衡量的（2017 PPP）（占人口的百分比）,SI.POV.NAHC,,,,,,,,,,,,,,,,,,,,,,,,,,,,,,,,,,,,,,,,,,,,,,,,,,,,,,,,,,,,,,15.6,,
法罗群岛,FRO,贫困人口比例，按国家贫困线衡量的（2017 PPP）（占人口的百分比）,SI.POV.NAHC,,,,,,,,,,,,,,,,,,,,,,,,,,,,,,,,,,,,,,,,,,,,,,,,,,,,,,,,,,,,,,,,
密克罗尼西亚联邦,FSM,贫困人口比例，按国家贫困线衡量的（2017 PPP）（占人口的百分比）,SI.POV.NAHC,,,,,,,,,,,,,,,,,,,,,,,,,,,,,,,,,,,,,,,,,,,,,,,,,,,,,,41.2,,,,,,,,,,
加蓬,GAB,贫困人口比例，按国家贫困线衡量的（2017 PPP）（占人口的百分比）,SI.POV.NAHC,,,,,,,,,,,,,,,,,,,,,,,,,,,,,,,,,,,,,,,,,,,,,,32.7,,,,,,,,,,,,33.4,,,,,,
英国,GBR,贫困人口比例，按国家贫困线衡量的（2017 PPP）（占人口的百分比）,SI.POV.NAHC,,,,,,,,,,,,,,,,,,,,,,,,,,,,,,,,,,,,,,,,,,,,,,,,,,,,,,,,,17,18.6,,,,,,
格鲁吉亚,GEO,贫困人口比例，按国家贫困线衡量的（2017 PPP）（占人口的百分比）,SI.POV.NAHC,,,,,,,,,,,,,,,,,,,,,,,,,,,,,,,,,,,,,,,,,,,,,,,36.9,38.8,34.9,34.9,37.3,34.1,30,26.2,23.5,21.6,22,21.9,20.1,19.5,21.3,17.5,15.6,
加纳,GHA,贫困人口比例，按国家贫困线衡量的（2017 PPP）（占人口的百分比）,SI.POV.NAHC,,,,,,,,,,,,,,,,,,,,,,,,,,,,,,,,,,,,,,,,,,,,,,31.9,,,,,,,24.2,,,,23.4,,,,,,,
直布罗陀,GIB,贫困人口比例，按国家贫困线衡量的（2017 PPP）（占人口的百分比）,SI.POV.NAHC,,,,,,,,,,,,,,,,,,,,,,,,,,,,,,,,,,,,,,,,,,,,,,,,,,,,,,,,,,,,,,,,
几内亚,GIN,贫困人口比例，按国家贫困线衡量的（2017 PPP）（占人口的百分比）,SI.POV.NAHC,,,,,,,,,,,,,,,,,,,,,,,,,,,,,,,,,,,,,,,,,,,,,,,,,,,,,,,,,,,43.7,,,,,
冈比亚,GMB,贫困人口比例，按国家贫困线衡量的（2017 PPP）（占人口的百分比）,SI.POV.NAHC,,,,,,,,,,,,,,,,,,,,,,,,,,,,,,,,,,,,,,,,,,,,,,,,,,,48.1,,,,,48.6,,,,,53.4,,,
几内亚比绍共和国,GNB,贫困人口比例，按国家贫困线衡量的（2017 PPP）（占人口的百分比）,SI.POV.NAHC,,,,,,,,,,,,,,,,,,,,,,,,,,,,,,,,,,,,,,,,,,,64.7,,,,,,,,48.7,,,,,,,,47.7,,,50.5,,
赤道几内亚,GNQ,贫困人口比例，按国家贫困线衡量的（2017 PPP）（占人口的百分比）,SI.POV.NAHC,,,,,,,,,,,,,,,,,,,,,,,,,,,,,,,,,,,,,,,,,,,,,,,76.8,,,,,,,,,,,,,,,,,
希腊,GRC,贫困人口比例，按国家贫困线衡量的（2017 PPP）（占人口的百分比）,SI.POV.NAHC,,,,,,,,,,,,,,,,,,,,,,,,,,,,,,,,,,,,,,,,,,,20.7,19.9,19.6,20.5,20.3,20.1,19.7,20.1,21.4,23.1,23.1,22.1,21.4,21.2,20.2,18.5,17.9,17.7,19.6,18.8,,
格林纳达,GRD,贫困人口比例，按国家贫困线衡量的（2017 PPP）（占人口的百分比）,SI.POV.NAHC,,,,,,,,,,,,,,,,,,,,,,,,,,,,,,,,,,,,,,,,,,,,,,,,,,,,,,,,,,,25,,,,,
格陵兰,GRL,贫困人口比例，按国家贫困线衡量的（2017 PPP）（占人口的百分比）,SI.POV.NAHC,,,,,,,,,,,,,,,,,,,,,,,,,,,,,,,,,,,,,,,,,,,,,,,,,,,,,,,,,,,,,,,,
危地马拉,GTM,贫困人口比例，按国家贫困线衡量的（2017 PPP）（占人口的百分比）,SI.POV.NAHC,,,,,,,,,,,,,,,,,,,,,,,,,,,,,,,,,,,,,,,,,56,,,,,,51,,,,,,,,59.3,,,,,,,,,
关岛,GUM,贫困人口比例，按国家贫困线衡量的（2017 PPP）（占人口的百分比）,SI.POV.NAHC,,,,,,,,,,,,,,,,,,,,,,,,,,,,,,,,,,,,,,,,,,,,,,,,,,,,,,,,,,,,,,,,
圭亚那,GUY,贫困人口比例，按国家贫困线衡量的（2017 PPP）（占人口的百分比）,SI.POV.NAHC,,,,,,,,,,,,,,,,,,,,,,,,,,,,,,,,,,,,,,,,,,,,,,,,,,,,,,,,,,,,,,,,
高收入国家,HIC,贫困人口比例，按国家贫困线衡量的（2017 PPP）（占人口的百分比）,SI.POV.NAHC,,,,,,,,,,,,,,,,,,,,,,,,,,,,,,,,,,,,,,,,,,,,,,,,,,,,,,,,,,,,,,,,
中国香港特别行政区,HKG,贫困人口比例，按国家贫困线衡量的（2017 PPP）（占人口的百分比）,SI.POV.NAHC,,,,,,,,,,,,,,,,,,,,,,,,,,,,,,,,,,,,,,,,,,,,,,,,,,,,,,,,,,,,,,,,
洪都拉斯,HND,贫困人口比例，按国家贫困线衡量的（2017 PPP）（占人口的百分比）,SI.POV.NAHC,,,,,,,,,,,,,,,,,,,,,,,,,,,,,,,,,,,,,,,,,,63.7,64.8,65.3,64.6,63.7,59.9,58.2,59.2,58.8,60,61.9,66.5,64.5,62.8,63.8,60.9,64.3,61.9,59.3,,73.6,,64.1
重债穷国 (HIPC),HPC,贫困人口比例，按国家贫困线衡量的（2017 PPP）（占人口的百分比）,SI.POV.NAHC,,,,,,,,,,,,,,,,,,,,,,,,,,,,,,,,,,,,,,,,,,,,,,,,,,,,,,,,,,,,,,,,
克罗地亚,HRV,贫困人口比例，按国家贫困线衡量的（2017 PPP）（占人口的百分比）,SI.POV.NAHC,,,,,,,,,,,,,,,,,,,,,,,,,,,,,,,,,,,,,,,,,,,,,,,,,,20.6,20.9,20.4,19.5,19.4,20,19.5,20,19.3,18.3,18.3,19.2,18,,
海地,HTI,贫困人口比例，按国家贫困线衡量的（2017 PPP）（占人口的百分比）,SI.POV.NAHC,,,,,,,,,,,,,,,,,,,,,,,,,,,,,,,,,,,,,,,,,,,,,,,,,,,,,58.5,,,,,,,,,,,
匈牙利,HUN,贫困人口比例，按国家贫困线衡量的（2017 PPP）（占人口的百分比）,SI.POV.NAHC,,,,,,,,,,,,,,,,,,,,,,,,,,,,,,,,,,,,,,,,,,,,,13.5,15.9,12.3,12.4,12.4,12.3,14.1,14.3,15,15,14.9,14.5,13.4,12.8,12.3,12.3,12.6,12.1,,
只有IBRD,IBD,贫困人口比例，按国家贫困线衡量的（2017 PPP）（占人口的百分比）,SI.POV.NAHC,,,,,,,,,,,,,,,,,,,,,,,,,,,,,,,,,,,,,,,,,,,,,,,,,,,,,,,,,,,,,,,,
IBRD与IDA,IBT,贫困人口比例，按国家贫困线衡量的（2017 PPP）（占人口的百分比）,SI.POV.NAHC,,,,,,,,,,,,,,,,,,,,,,,,,,,,,,,,,,,,,,,,,,,,,,,,,,,,,,,,,,,,,,,,
IDA總,IDA,贫困人口比例，按国家贫困线衡量的（2017 PPP）（占人口的百分比）,SI.POV.NAHC,,,,,,,,,,,,,,,,,,,,,,,,,,,,,,,,,,,,,,,,,,,,,,,,,,,,,,,,,,,,,,,,
IDA混合,IDB,贫困人口比例，按国家贫困线衡量的（2017 PPP）（占人口的百分比）,SI.POV.NAHC,,,,,,,,,,,,,,,,,,,,,,,,,,,,,,,,,,,,,,,,,,,,,,,,,,,,,,,,,,,,,,,,
印度尼西亚,IDN,贫困人口比例，按国家贫困线衡量的（2017 PPP）（占人口的百分比）,SI.POV.NAHC,,,,,,,,,,,,,,,,,,,,,,,,,,,,,,,,,,,,,,,,,19.1,18.4,18.2,17.4,16.7,16,17.8,16.6,15.4,14.1,,12.5,12,11.4,11.3,11.2,10.9,10.6,9.8,9.4,9.8,10.1,9.5,9.4
只有IDA,IDX,贫困人口比例，按国家贫困线衡量的（2017 PPP）（占人口的百分比）,SI.POV.NAHC,,,,,,,,,,,,,,,,,,,,,,,,,,,,,,,,,,,,,,,,,,,,,,,,,,,,,,,,,,,,,,,,
马恩岛,IMN,贫困人口比例，按国家贫困线衡量的（2017 PPP）（占人口的百分比）,SI.POV.NAHC,,,,,,,,,,,,,,,,,,,,,,,,,,,,,,,,,,,,,,,,,,,,,,,,,,,,,,,,,,,,,,,,
印度,IND,贫困人口比例，按国家贫困线衡量的（2017 PPP）（占人口的百分比）,SI.POV.NAHC,,,,,,,,,,,,,,,,,,,,,,,,,,,,,,,,,,,,,,,,,,,,,37.2,,,,,29.8,,21.9,,,,,,,,,,,,
未分类国家,INX,贫困人口比例，按国家贫困线衡量的（2017 PPP）（占人口的百分比）,SI.POV.NAHC,,,,,,,,,,,,,,,,,,,,,,,,,,,,,,,,,,,,,,,,,,,,,,,,,,,,,,,,,,,,,,,,
爱尔兰,IRL,贫困人口比例，按国家贫困线衡量的（2017 PPP）（占人口的百分比）,SI.POV.NAHC,,,,,,,,,,,,,,,,,,,,,,,,,,,,,,,,,,,,,,,,,,,,,,,,,,,,,,,,,,,,13.8,12.9,14,,
伊朗伊斯兰共和国,IRN,贫困人口比例，按国家贫困线衡量的（2017 PPP）（占人口的百分比）,SI.POV.NAHC,,,,,,,,,,,,,,,,,,,,,,,,,,,,,,,,,,,,,,,,,,,,,,,,,,,,,,,,,,,,,,,,
伊拉克,IRQ,贫困人口比例，按国家贫困线衡量的（2017 PPP）（占人口的百分比）,SI.POV.NAHC,,,,,,,,,,,,,,,,,,,,,,,,,,,,,,,,,,,,,,,,,,,,,,,22.4,,,,,,18.9,,,,,,,,,,,
冰岛,ISL,贫困人口比例，按国家贫困线衡量的（2017 PPP）（占人口的百分比）,SI.POV.NAHC,,,,,,,,,,,,,,,,,,,,,,,,,,,,,,,,,,,,,,,,,,,,10,9.7,9.6,10.1,10.1,10.2,9.8,9.2,7.9,9.3,7.9,9.2,8.8,10.1,8.8,,,,,,
以色列,ISR,贫困人口比例，按国家贫困线衡量的（2017 PPP）（占人口的百分比）,SI.POV.NAHC,,,,,,,,,,,,,,,,,,,,,,,,,,,,,,,,,,,,,,,,,,,,,,,,,,,,,,,,,,,,,,,,
意大利,ITA,贫困人口比例，按国家贫困线衡量的（2017 PPP）（占人口的百分比）,SI.POV.NAHC,,,,,,,,,,,,,,,,,,,,,,,,,,,,,,,,,,,,,,,,,,,,18.9,19.2,19.3,19.5,18.9,18.4,18.7,19.8,19.5,19.3,19.4,19.9,20.6,20.3,20.3,20.1,20,20.1,20.1,,
牙买加,JAM,贫困人口比例，按国家贫困线衡量的（2017 PPP）（占人口的百分比）,SI.POV.NAHC,,,,,,,,,,,,,,,,,,,,,,,,,,,,,,,,,,,,,,,,,18.7,16.9,19.7,19.1,16.9,14.8,14.3,9.9,12.3,16.5,17.6,,19.9,24.6,20,21.2,17.1,19.3,12.6,11,,16.7,,
约旦,JOR,贫困人口比例，按国家贫困线衡量的（2017 PPP）（占人口的百分比）,SI.POV.NAHC,,,,,,,,,,,,,,,,,,,,,,,,,,,,,,,,,,,,,,,,,,,,,,,,,,,,,,,,,,,15.7,,,,,
日本,JPN,贫困人口比例，按国家贫困线衡量的（2017 PPP）（占人口的百分比）,SI.POV.NAHC,,,,,,,,,,,,,,,,,,,,,,,,,,,,,,,,,,,,,,,,,,,,,,,,,,,,,,,,,,,,,,,,
哈萨克斯坦,KAZ,贫困人口比例，按国家贫困线衡量的（2017 PPP）（占人口的百分比）,SI.POV.NAHC,,,,,,,,,,,,,,,,,,,,,,,,,,,,,,,,,,,,,,,,,,,,,,,,,,,,,,,,,,,4.3,4.3,5.3,5.2,5.2,
肯尼亚,KEN,贫困人口比例，按国家贫困线衡量的（2017 PPP）（占人口的百分比）,SI.POV.NAHC,,,,,,,,,,,,,,,,,,,,,,,,,,,,,,,,,,,,,,,,,,,,,,46.8,,,,,,,,,,36.1,,,,,,38.6,,
吉尔吉斯斯坦,KGZ,贫困人口比例，按国家贫困线衡量的（2017 PPP）（占人口的百分比）,SI.POV.NAHC,,,,,,,,,,,,,,,,,,,,,,,,,,,,,,,,,,,,,,,,,,,,,,,39.9,35,31.7,31.7,33.7,36.8,38,37,30.6,32.1,25.4,25.6,22.4,20.1,25.3,33.3,,
柬埔寨,KHM,贫困人口比例，按国家贫困线衡量的（2017 PPP）（占人口的百分比）,SI.POV.NAHC,,,,,,,,,,,,,,,,,,,,,,,,,,,,,,,,,,,,,,,,,,,,50.2,,,45,,34,23.9,22.1,20.5,17.7,,,,,,,,,,,
基里巴斯,KIR,贫困人口比例，按国家贫困线衡量的（2017 PPP）（占人口的百分比）,SI.POV.NAHC,,,,,,,,,,,,,,,,,,,,,,,,,,,,,,,,,,,,,,,,,,,,,,,,,,,,,,,,,,,,21.9,,,,
圣基茨和尼维斯,KNA,贫困人口比例，按国家贫困线衡量的（2017 PPP）（占人口的百分比）,SI.POV.NAHC,,,,,,,,,,,,,,,,,,,,,,,,,,,,,,,,,,,,,,,,,,,,,,,,,,,,,,,,,,,,,,,,
大韩民国,KOR,贫困人口比例，按国家贫困线衡量的（2017 PPP）（占人口的百分比）,SI.POV.NAHC,,,,,,,,,,,,,,,,,,,,,,,,,,,,,,,,,,,,,,,,,,,,,,,,,,,,,,,,,,,,,,,,
科威特,KWT,贫困人口比例，按国家贫困线衡量的（2017 PPP）（占人口的百分比）,SI.POV.NAHC,,,,,,,,,,,,,,,,,,,,,,,,,,,,,,,,,,,,,,,,,,,,,,,,,,,,,,,,,,,,,,,,
拉丁美洲与加勒比海地区（不包括高收入）,LAC,贫困人口比例，按国家贫困线衡量的（2017 PPP）（占人口的百分比）,SI.POV.NAHC,,,,,,,,,,,,,,,,,,,,,,,,,,,,,,,,,,,,,,,,,,,,,,,,,,,,,,,,,,,,,,,,
老挝,LAO,贫困人口比例，按国家贫困线衡量的（2017 PPP）（占人口的百分比）,SI.POV.NAHC,,,,,,,,,,,,,,,,,,,,,,,,,,,,,,,,,,,,,,,,,,,,,,,,,,,,,,,,,,,18.3,,,,,
黎巴嫩,LBN,贫困人口比例，按国家贫困线衡量的（2017 PPP）（占人口的百分比）,SI.POV.NAHC,,,,,,,,,,,,,,,,,,,,,,,,,,,,,,,,,,,,,,,,,,,,,,,,,,,,,27.4,,,,,,,,,,,
利比里亚,LBR,贫困人口比例，按国家贫困线衡量的（2017 PPP）（占人口的百分比）,SI.POV.NAHC,,,,,,,,,,,,,,,,,,,,,,,,,,,,,,,,,,,,,,,,,,,,,,,,,,,,,,,54.1,,50.9,,,,,,,
利比亚,LBY,贫困人口比例，按国家贫困线衡量的（2017 PPP）（占人口的百分比）,SI.POV.NAHC,,,,,,,,,,,,,,,,,,,,,,,,,,,,,,,,,,,,,,,,,,,,,,,,,,,,,,,,,,,,,,,,
圣卢西亚,LCA,贫困人口比例，按国家贫困线衡量的（2017 PPP）（占人口的百分比）,SI.POV.NAHC,,,,,,,,,,,,,,,,,,,,,,,,,,,,,,,,,,,,,,,,,,,,,,,,,,,,,,,,25,,,,,,,,
拉丁美洲与加勒比海地区,LCN,贫困人口比例，按国家贫困线衡量的（2017 PPP）（占人口的百分比）,SI.POV.NAHC,,,,,,,,,,,,,,,,,,,,,,,,,,,,,,,,,,,,,,,,,,,,,,,,,,,,,,,,,,,,,,,,
最不发达国家：联合国分类,LDC,贫困人口比例，按国家贫困线衡量的（2017 PPP）（占人口的百分比）,SI.POV.NAHC,,,,,,,,,,,,,,,,,,,,,,,,,,,,,,,,,,,,,,,,,,,,,,,,,,,,,,,,,,,,,,,,
低收入国家,LIC,贫困人口比例，按国家贫困线衡量的（2017 PPP）（占人口的百分比）,SI.POV.NAHC,,,,,,,,,,,,,,,,,,,,,,,,,,,,,,,,,,,,,,,,,,,,,,,,,,,,,,,,,,,,,,,,
列支敦士登,LIE,贫困人口比例，按国家贫困线衡量的（2017 PPP）（占人口的百分比）,SI.POV.NAHC,,,,,,,,,,,,,,,,,,,,,,,,,,,,,,,,,,,,,,,,,,,,,,,,,,,,,,,,,,,,,,,,
斯里兰卡,LKA,贫困人口比例，按国家贫困线衡量的（2017 PPP）（占人口的百分比）,SI.POV.NAHC,,,,,,,,,,,,,,,,,,,,,,,,,,,,,,,,,,,,,,,,,,,46.8,,,,34.1,,,28.4,,,22.5,,,,16,,,14.3,,,,
中低等收入国家,LMC,贫困人口比例，按国家贫困线衡量的（2017 PPP）（占人口的百分比）,SI.POV.NAHC,,,,,,,,,,,,,,,,,,,,,,,,,,,,,,,,,,,,,,,,,,,,,,,,,,,,,,,,,,,,,,,,
中低收入国家,LMY,贫困人口比例，按国家贫困线衡量的（2017 PPP）（占人口的百分比）,SI.POV.NAHC,,,,,,,,,,,,,,,,,,,,,,,,,,,,,,,,,,,,,,,,,,,,,,,,,,,,,,,,,,,,,,,,
莱索托,LSO,贫困人口比例，按国家贫困线衡量的（2017 PPP）（占人口的百分比）,SI.POV.NAHC,,,,,,,,,,,,,,,,,,,,,,,,,,,,,,,,,,,,,,,,,,,56.6,,,,,,,,,,,,,,,49.7,,,,,,
後期人口紅利,LTE,贫困人口比例，按国家贫困线衡量的（2017 PPP）（占人口的百分比）,SI.POV.NAHC,,,,,,,,,,,,,,,,,,,,,,,,,,,,,,,,,,,,,,,,,,,,,,,,,,,,,,,,,,,,,,,,
立陶宛,LTU,贫困人口比例，按国家贫困线衡量的（2017 PPP）（占人口的百分比）,SI.POV.NAHC,,,,,,,,,,,,,,,,,,,,,,,,,,,,,,,,,,,,,,,,,,,,,20.5,20,19.1,20.9,20.3,20.5,19.2,18.6,20.6,19.1,22.2,21.9,22.9,22.9,20.6,20.9,20,20.9,,
卢森堡,LUX,贫困人口比例，按国家贫困线衡量的（2017 PPP）（占人口的百分比）,SI.POV.NAHC,,,,,,,,,,,,,,,,,,,,,,,,,,,,,,,,,,,,,,,,,,,,,,,,,,,,,,,,,,,,,,17.3,,
拉脱维亚,LVA,贫困人口比例，按国家贫困线衡量的（2017 PPP）（占人口的百分比）,SI.POV.NAHC,,,,,,,,,,,,,,,,,,,,,,,,,,,,,,,,,,,,,,,,,,,,,19.4,23.5,21.2,25.9,26.4,20.9,19,19.2,19.4,21.2,22.5,21.8,22.1,23.3,22.9,21.6,23.4,22.5,22.5,
中国澳门特别行政区,MAC,贫困人口比例，按国家贫困线衡量的（2017 PPP）（占人口的百分比）,SI.POV.NAHC,,,,,,,,,,,,,,,,,,,,,,,,,,,,,,,,,,,,,,,,,,,,,,,,,,,,,,,,,,,,,,,,
圣马丁（法属）,MAF,贫困人口比例，按国家贫困线衡量的（2017 PPP）（占人口的百分比）,SI.POV.NAHC,,,,,,,,,,,,,,,,,,,,,,,,,,,,,,,,,,,,,,,,,,,,,,,,,,,,,,,,,,,,,,,,
摩洛哥,MAR,贫困人口比例，按国家贫困线衡量的（2017 PPP）（占人口的百分比）,SI.POV.NAHC,,,,,,,,,,,,,,,,,,,,,,,,,,,,,,,,,,,,,,,,,15.3,,,,,,,8.9,,,,,,4.8,,,,,,,,,,
摩纳哥,MCO,贫困人口比例，按国家贫困线衡量的（2017 PPP）（占人口的百分比）,SI.POV.NAHC,,,,,,,,,,,,,,,,,,,,,,,,,,,,,,,,,,,,,,,,,,,,,,,,,,,,,,,,,,,,,,,,
摩尔多瓦,MDA,贫困人口比例，按国家贫困线衡量的（2017 PPP）（占人口的百分比）,SI.POV.NAHC,,,,,,,,,,,,,,,,,,,,,,,,,,,,,,,,,,,,,,,,,,,,,,,,,,,,,,,,,,,,25.2,26.8,24.5,31.1,
马达加斯加,MDG,贫困人口比例，按国家贫困线衡量的（2017 PPP）（占人口的百分比）,SI.POV.NAHC,,,,,,,,,,,,,,,,,,,,,,,,,,,,,,,,,,,,,,,,,,70.8,,,,73.2,,,,,71.7,,70.7,,,,,,,,,,,
马尔代夫,MDV,贫困人口比例，按国家贫困线衡量的（2017 PPP）（占人口的百分比）,SI.POV.NAHC,,,,,,,,,,,,,,,,,,,,,,,,,,,,,,,,,,,,,,,,,,,,,,,,,,,,,,,,,,,,5.4,,,,
中东与北非地区,MEA,贫困人口比例，按国家贫困线衡量的（2017 PPP）（占人口的百分比）,SI.POV.NAHC,,,,,,,,,,,,,,,,,,,,,,,,,,,,,,,,,,,,,,,,,,,,,,,,,,,,,,,,,,,,,,,,
墨西哥,MEX,贫困人口比例，按国家贫困线衡量的（2017 PPP）（占人口的百分比）,SI.POV.NAHC,,,,,,,,,,,,,,,,,,,,,,,,,,,,,,,,,,,,,,,,,,,,,,,,,,,,,,,,,43.6,,41.9,,43.9,,36.3,
马绍尔群岛,MHL,贫困人口比例，按国家贫困线衡量的（2017 PPP）（占人口的百分比）,SI.POV.NAHC,,,,,,,,,,,,,,,,,,,,,,,,,,,,,,,,,,,,,,,,,,,,,,,,,,,,,,,,,,,,7.2,,,,
中等收入国家,MIC,贫困人口比例，按国家贫困线衡量的（2017 PPP）（占人口的百分比）,SI.POV.NAHC,,,,,,,,,,,,,,,,,,,,,,,,,,,,,,,,,,,,,,,,,,,,,,,,,,,,,,,,,,,,,,,,
北马其顿,MKD,贫困人口比例，按国家贫困线衡量的（2017 PPP）（占人口的百分比）,SI.POV.NAHC,,,,,,,,,,,,,,,,,,,,,,,,,,,,,,,,,,,,,,,,,,,,,,,,,,27,26.8,26.2,24.2,22.1,21.5,21.9,22.2,21.9,21.6,21.8,,,,
马里,MLI,贫困人口比例，按国家贫困线衡量的（2017 PPP）（占人口的百分比）,SI.POV.NAHC,,,,,,,,,,,,,,,,,,,,,,,,,,,,,,,,,,,,,,,,,,50.9,,,,,41.7,,,41.1,,45.4,,47.1,46.9,47.2,46.8,44.9,43.8,42.3,41.9,44.6,,
马耳他,MLT,贫困人口比例，按国家贫困线衡量的（2017 PPP）（占人口的百分比）,SI.POV.NAHC,,,,,,,,,,,,,,,,,,,,,,,,,,,,,,,,,,,,,,,,,,,,,14.3,14.2,15.1,15.3,14.9,15.5,15.6,15.1,15.8,15.8,16.6,16.5,16.7,16.8,17.1,16.9,16.9,16.7,,
缅甸,MMR,贫困人口比例，按国家贫困线衡量的（2017 PPP）（占人口的百分比）,SI.POV.NAHC,,,,,,,,,,,,,,,,,,,,,,,,,,,,,,,,,,,,,,,,,,,,,,48.2,,,,,42.2,,,,,32.1,,24.8,,,,,,
中东与北非地区（不包括高收入）,MNA,贫困人口比例，按国家贫困线衡量的（2017 PPP）（占人口的百分比）,SI.POV.NAHC,,,,,,,,,,,,,,,,,,,,,,,,,,,,,,,,,,,,,,,,,,,,,,,,,,,,,,,,,,,,,,,,
黑山,MNE,贫困人口比例，按国家贫困线衡量的（2017 PPP）（占人口的百分比）,SI.POV.NAHC,,,,,,,,,,,,,,,,,,,,,,,,,,,,,,,,,,,,,,,,,,,,,,,,,,,,,25.2,24.1,24.4,24,23.6,23.8,24.5,22.6,21.2,20.3,,
蒙古,MNG,贫困人口比例，按国家贫困线衡量的（2017 PPP）（占人口的百分比）,SI.POV.NAHC,,,,,,,,,,,,,,,,,,,,,,,,,,,,,,,,,,,,,,,,,,,,,,,,,,,,,,,,,,,,,,,27.1,
北马里亚纳群岛,MNP,贫困人口比例，按国家贫困线衡量的（2017 PPP）（占人口的百分比）,SI.POV.NAHC,,,,,,,,,,,,,,,,,,,,,,,,,,,,,,,,,,,,,,,,,,,,,,,,,,,,,,,,,,,,,,,,
莫桑比克,MOZ,贫困人口比例，按国家贫困线衡量的（2017 PPP）（占人口的百分比）,SI.POV.NAHC,,,,,,,,,,,,,,,,,,,,,,,,,,,,,,,,,,,,,,,,,,,54.1,,,,,,54.7,,,,,,46.1,,,,,,,,,
毛里塔尼亚,MRT,贫困人口比例，按国家贫困线衡量的（2017 PPP）（占人口的百分比）,SI.POV.NAHC,,,,,,,,,,,,,,,,,,,,,,,,,,,,,,,,,,,,,,,,,,,,,,,,,,,,,,,34.3,,,,,31.8,,,,
毛里求斯,MUS,贫困人口比例，按国家贫困线衡量的（2017 PPP）（占人口的百分比）,SI.POV.NAHC,,,,,,,,,,,,,,,,,,,,,,,,,,,,,,,,,,,,,,,,,,,,,,,,,,,,,7.9,,,,,10.3,,,,,,
马拉维,MWI,贫困人口比例，按国家贫困线衡量的（2017 PPP）（占人口的百分比）,SI.POV.NAHC,,,,,,,,,,,,,,,,,,,,,,,,,,,,,,,,,,,,,,,,,,,,,52.4,,,,,,50.7,,,,,,51.5,,,50.7,,,,
马来西亚,MYS,贫困人口比例，按国家贫困线衡量的（2017 PPP）（占人口的百分比）,SI.POV.NAHC,,,,,,,,,,,,,,,,,,,,,,,,,,,,,,,,,,,,,,,,,,,,,,,,,,,,,,,,,,,,8.4,,6.2,,
北美,NAC,贫困人口比例，按国家贫困线衡量的（2017 PPP）（占人口的百分比）,SI.POV.NAHC,,,,,,,,,,,,,,,,,,,,,,,,,,,,,,,,,,,,,,,,,,,,,,,,,,,,,,,,,,,,,,,,
纳米比亚,NAM,贫困人口比例，按国家贫困线衡量的（2017 PPP）（占人口的百分比）,SI.POV.NAHC,,,,,,,,,,,,,,,,,,,,,,,,,,,,,,,,,,,,,,,,,,,,37.7,,,,,,28.7,,,,,,17.4,,,,,,,,
新喀里多尼亚,NCL,贫困人口比例，按国家贫困线衡量的（2017 PPP）（占人口的百分比）,SI.POV.NAHC,,,,,,,,,,,,,,,,,,,,,,,,,,,,,,,,,,,,,,,,,,,,,,,,,,,,,,,,,,,,,,,,
尼日尔,NER,贫困人口比例，按国家贫困线衡量的（2017 PPP）（占人口的百分比）,SI.POV.NAHC,,,,,,,,,,,,,,,,,,,,,,,,,,,,,,,,,,,,,,,,,,,,,,,,,,,,,,,,,,,40.8,,,45.5,,
尼日利亚,NGA,贫困人口比例，按国家贫困线衡量的（2017 PPP）（占人口的百分比）,SI.POV.NAHC,,,,,,,,,,,,,,,,,,,,,,,,,,,,,,,,,,,,,,,,,,,,,,,,,,,,,,,,,,,40.1,,,,,
尼加拉瓜,NIC,贫困人口比例，按国家贫困线衡量的（2017 PPP）（占人口的百分比）,SI.POV.NAHC,,,,,,,,,,,,,,,,,,,,,,,,,,,,,,,,,,,,,,,,,,45.8,,,,48.3,,,,42.5,,,,,29.6,,24.9,,,,,,,
荷兰,NLD,贫困人口比例，按国家贫困线衡量的（2017 PPP）（占人口的百分比）,SI.POV.NAHC,,,,,,,,,,,,,,,,,,,,,,,,,,,,,,,,,,,,,,,,,,,,,,,,,,,,,,,,12.7,13.2,13.3,13.2,13.4,14.4,14.5,,
挪威,NOR,贫困人口比例，按国家贫困线衡量的（2017 PPP）（占人口的百分比）,SI.POV.NAHC,,,,,,,,,,,,,,,,,,,,,,,,,,,,,,,,,,,,,,,,,,,,,,,,,,,,,,,,,,,,,12.6,12.2,,
尼泊尔,NPL,贫困人口比例，按国家贫困线衡量的（2017 PPP）（占人口的百分比）,SI.POV.NAHC,,,,,,,,,,,,,,,,,,,,,,,,,,,,,,,,,,,,,,,,,,,,,,,,,,,,,,,,,,,,,,,20.3,
瑙魯,NRU,贫困人口比例，按国家贫困线衡量的（2017 PPP）（占人口的百分比）,SI.POV.NAHC,,,,,,,,,,,,,,,,,,,,,,,,,,,,,,,,,,,,,,,,,,,,,,,,,,,,,,,,,,,,,,,,
新西兰,NZL,贫困人口比例，按国家贫困线衡量的（2017 PPP）（占人口的百分比）,SI.POV.NAHC,,,,,,,,,,,,,,,,,,,,,,,,,,,,,,,,,,,,,,,,,,,,,,,,,,,,,,,,,,,,,,,,
经合组织成员,OED,贫困人口比例，按国家贫困线衡量的（2017 PPP）（占人口的百分比）,SI.POV.NAHC,,,,,,,,,,,,,,,,,,,,,,,,,,,,,,,,,,,,,,,,,,,,,,,,,,,,,,,,,,,,,,,,
阿曼,OMN,贫困人口比例，按国家贫困线衡量的（2017 PPP）（占人口的百分比）,SI.POV.NAHC,,,,,,,,,,,,,,,,,,,,,,,,,,,,,,,,,,,,,,,,,,,,,,,,,,,,,,,,,,,,,,,,
其他小国,OSS,贫困人口比例，按国家贫困线衡量的（2017 PPP）（占人口的百分比）,SI.POV.NAHC,,,,,,,,,,,,,,,,,,,,,,,,,,,,,,,,,,,,,,,,,,,,,,,,,,,,,,,,,,,,,,,,
巴基斯坦,PAK,贫困人口比例，按国家贫困线衡量的（2017 PPP）（占人口的百分比）,SI.POV.NAHC,,,,,,,,,,,,,,,,,,,,,,,,,,,,,,,,,,,,,,,,,,64.3,,,51.7,50.4,,44.1,,,36.8,36.3,,29.5,,24.3,,,21.9,,,,,
巴拿马,PAN,贫困人口比例，按国家贫困线衡量的（2017 PPP）（占人口的百分比）,SI.POV.NAHC,,,,,,,,,,,,,,,,,,,,,,,,,,,,,,,,,,,,,,,,,37.9,,,,,36.6,38.3,36.5,33.8,33.4,29.8,27.6,26.5,25.8,25.6,23,22.1,20.7,21.4,21.5,,21.8,,
秘鲁,PER,贫困人口比例，按国家贫困线衡量的（2017 PPP）（占人口的百分比）,SI.POV.NAHC,,,,,,,,,,,,,,,,,,,,,,,,,,,,,,,,,,,,,,,,,,,,,58.7,55.6,49.2,42.4,37.3,33.5,30.8,27.8,25.8,23.9,22.7,21.8,20.7,21.7,20.5,20.2,30.1,25.9,27.5,
菲律宾,PHL,贫困人口比例，按国家贫困线衡量的（2017 PPP）（占人口的百分比）,SI.POV.NAHC,,,,,,,,,,,,,,,,,,,,,,,,,,,,,,,,,,,,,,,,,,,,,,,26.6,,,26.3,,,25.2,,,23.5,,,16.7,,,18.1,,
帕劳,PLW,贫困人口比例，按国家贫困线衡量的（2017 PPP）（占人口的百分比）,SI.POV.NAHC,,,,,,,,,,,,,,,,,,,,,,,,,,,,,,,,,,,,,,,,,,,,,,,24.9,,,,,,,,,,,,,,,,,
巴布亚新几内亚,PNG,贫困人口比例，按国家贫困线衡量的（2017 PPP）（占人口的百分比）,SI.POV.NAHC,,,,,,,,,,,,,,,,,,,,,,,,,,,,,,,,,,,,,,,,,,,,,,,,,,39.9,,,,,,,,,,,,,,
波兰,POL,贫困人口比例，按国家贫困线衡量的（2017 PPP）（占人口的百分比）,SI.POV.NAHC,,,,,,,,,,,,,,,,,,,,,,,,,,,,,,,,,,,,,,,,,,,,,,,,,,,,,,,,,,,,,11.8,12.2,11.8,
預人口紅利,PRE,贫困人口比例，按国家贫困线衡量的（2017 PPP）（占人口的百分比）,SI.POV.NAHC,,,,,,,,,,,,,,,,,,,,,,,,,,,,,,,,,,,,,,,,,,,,,,,,,,,,,,,,,,,,,,,,
波多黎各,PRI,贫困人口比例，按国家贫困线衡量的（2017 PPP）（占人口的百分比）,SI.POV.NAHC,,,,,,,,,,,,,,,,,,,,,,,,,,,,,,,,,,,,,,,,,,,,,,,,,,,,,,,,,,,,,,,,
朝鲜民主主义人民共和国,PRK,贫困人口比例，按国家贫困线衡量的（2017 PPP）（占人口的百分比）,SI.POV.NAHC,,,,,,,,,,,,,,,,,,,,,,,,,,,,,,,,,,,,,,,,,,,,,,,,,,,,,,,,,,,,,,,,
葡萄牙,PRT,贫困人口比例，按国家贫困线衡量的（2017 PPP）（占人口的百分比）,SI.POV.NAHC,,,,,,,,,,,,,,,,,,,,,,,,,,,,,,,,,,,,,,,,,,,,20.4,19.4,18.5,18.1,18.5,17.9,17.9,18,17.9,18.7,19.5,19.5,19,18.3,17.3,17.2,16.2,18.4,16.4,,
巴拉圭,PRY,贫困人口比例，按国家贫困线衡量的（2017 PPP）（占人口的百分比）,SI.POV.NAHC,,,,,,,,,,,,,,,,,,,,,,,,,,,,,,,,,,,,,,,,,,,57.7,51.4,48.8,44.9,48.9,45.3,43.2,41.6,39,37,31.4,28,27.2,26.6,28.9,26.4,24.2,23.5,26.9,26.9,24.7,
约旦河西岸和加沙,PSE,贫困人口比例，按国家贫困线衡量的（2017 PPP）（占人口的百分比）,SI.POV.NAHC,,,,,,,,,,,,,,,,,,,,,,,,,,,,,,,,,,,,,,,,,,,,,,,,,,,25.7,25.8,,,,,29.2,,,,,,,
太平洋岛国,PSS,贫困人口比例，按国家贫困线衡量的（2017 PPP）（占人口的百分比）,SI.POV.NAHC,,,,,,,,,,,,,,,,,,,,,,,,,,,,,,,,,,,,,,,,,,,,,,,,,,,,,,,,,,,,,,,,
人口紅利之後,PST,贫困人口比例，按国家贫困线衡量的（2017 PPP）（占人口的百分比）,SI.POV.NAHC,,,,,,,,,,,,,,,,,,,,,,,,,,,,,,,,,,,,,,,,,,,,,,,,,,,,,,,,,,,,,,,,
法属波利尼西亚,PYF,贫困人口比例，按国家贫困线衡量的（2017 PPP）（占人口的百分比）,SI.POV.NAHC,,,,,,,,,,,,,,,,,,,,,,,,,,,,,,,,,,,,,,,,,,,,,,,,,,,,,,,,,,,,,,,,
卡塔尔,QAT,贫困人口比例，按国家贫困线衡量的（2017 PPP）（占人口的百分比）,SI.POV.NAHC,,,,,,,,,,,,,,,,,,,,,,,,,,,,,,,,,,,,,,,,,,,,,,,,,,,,,,,,,,,,,,,,
罗马尼亚,ROU,贫困人口比例，按国家贫困线衡量的（2017 PPP）（占人口的百分比）,SI.POV.NAHC,,,,,,,,,,,,,,,,,,,,,,,,,,,,,,,,,,,,,,,,,,,,,,,24.6,23.6,22.1,21.6,22.3,22.9,23,25.1,25.4,25.3,23.6,23.5,23.8,23.4,22.5,21.2,,
俄罗斯联邦,RUS,贫困人口比例，按国家贫困线衡量的（2017 PPP）（占人口的百分比）,SI.POV.NAHC,,,,,,,,,,,,,,,,,,,,,,,,,,,,,,,,,,,,,,,,,29,,24.6,20.3,17.6,17.8,15.2,13.3,13.4,13,12.5,12.7,10.7,10.8,11.3,13.4,13.2,12.9,12.6,12.3,12.1,11,,
卢旺达,RWA,贫困人口比例，按国家贫困线衡量的（2017 PPP）（占人口的百分比）,SI.POV.NAHC,,,,,,,,,,,,,,,,,,,,,,,,,,,,,,,,,,,,,,,,,,,,,,,,,,,,,,39.1,,,38.2,,,,,,,
南亚,SAS,贫困人口比例，按国家贫困线衡量的（2017 PPP）（占人口的百分比）,SI.POV.NAHC,,,,,,,,,,,,,,,,,,,,,,,,,,,,,,,,,,,,,,,,,,,,,,,,,,,,,,,,,,,,,,,,
沙特阿拉伯,SAU,贫困人口比例，按国家贫困线衡量的（2017 PPP）（占人口的百分比）,SI.POV.NAHC,,,,,,,,,,,,,,,,,,,,,,,,,,,,,,,,,,,,,,,,,,,,,,,,,,,,,,,,,,,,,,,,
苏丹,SDN,贫困人口比例，按国家贫困线衡量的（2017 PPP）（占人口的百分比）,SI.POV.NAHC,,,,,,,,,,,,,,,,,,,,,,,,,,,,,,,,,,,,,,,,,,,,,,,,,,46.5,,,,,,,,,,,,,,
塞内加尔,SEN,贫困人口比例，按国家贫困线衡量的（2017 PPP）（占人口的百分比）,SI.POV.NAHC,,,,,,,,,,,,,,,,,,,,,,,,,,,,,,,,,,,,,,,,,,55.2,,,,48.3,,,,,,46.7,,,,,,,,,,,,
新加坡,SGP,贫困人口比例，按国家贫困线衡量的（2017 PPP）（占人口的百分比）,SI.POV.NAHC,,,,,,,,,,,,,,,,,,,,,,,,,,,,,,,,,,,,,,,,,,,,,,,,,,,,,,,,,,,,,,,,
所罗门群岛,SLB,贫困人口比例，按国家贫困线衡量的（2017 PPP）（占人口的百分比）,SI.POV.NAHC,,,,,,,,,,,,,,,,,,,,,,,,,,,,,,,,,,,,,,,,,,,,,,22.7,,,,,,,12.7,,,,,,,,,,,
塞拉利昂,SLE,贫困人口比例，按国家贫困线衡量的（2017 PPP）（占人口的百分比）,SI.POV.NAHC,,,,,,,,,,,,,,,,,,,,,,,,,,,,,,,,,,,,,,,,,,,,,,,,,,,,62.4,,,,,,,56.8,,,,,
萨尔瓦多,SLV,贫困人口比例，按国家贫困线衡量的（2017 PPP）（占人口的百分比）,SI.POV.NAHC,,,,,,,,,,,,,,,,,,,,,,,,,,,,,,,,,,,,,,,,,,,,,,,,,,,,,,,,,,,,,26.2,24.6,26.6,
圣马力诺,SMR,贫困人口比例，按国家贫困线衡量的（2017 PPP）（占人口的百分比）,SI.POV.NAHC,,,,,,,,,,,,,,,,,,,,,,,,,,,,,,,,,,,,,,,,,,,,,,,,,,,,,,,,,,,,,,,,
索马里,SOM,贫困人口比例，按国家贫困线衡量的（2017 PPP）（占人口的百分比）,SI.POV.NAHC,,,,,,,,,,,,,,,,,,,,,,,,,,,,,,,,,,,,,,,,,,,,,,,,,,,,,,,,,,,,,,,54.4,
塞尔维亚,SRB,贫困人口比例，按国家贫困线衡量的（2017 PPP）（占人口的百分比）,SI.POV.NAHC,,,,,,,,,,,,,,,,,,,,,,,,,,,,,,,,,,,,,,,,,,,,,,,,,,,,,24.5,25,26.7,25.9,25.7,24.3,23.2,21.7,21.2,20,,
撒哈拉以南非洲地区（不包括高收入）,SSA,贫困人口比例，按国家贫困线衡量的（2017 PPP）（占人口的百分比）,SI.POV.NAHC,,,,,,,,,,,,,,,,,,,,,,,,,,,,,,,,,,,,,,,,,,,,,,,,,,,,,,,,,,,,,,,,
南苏丹,SSD,贫困人口比例，按国家贫困线衡量的（2017 PPP）（占人口的百分比）,SI.POV.NAHC,,,,,,,,,,,,,,,,,,,,,,,,,,,,,,,,,,,,,,,,,,,,,,,,,,,,,,,,,82.3,,,,,,,
撒哈拉以南非洲地区,SSF,贫困人口比例，按国家贫困线衡量的（2017 PPP）（占人口的百分比）,SI.POV.NAHC,,,,,,,,,,,,,,,,,,,,,,,,,,,,,,,,,,,,,,,,,,,,,,,,,,,,,,,,,,,,,,,,
小国,SST,贫困人口比例，按国家贫困线衡量的（2017 PPP）（占人口的百分比）,SI.POV.NAHC,,,,,,,,,,,,,,,,,,,,,,,,,,,,,,,,,,,,,,,,,,,,,,,,,,,,,,,,,,,,,,,,
圣多美和普林西比,STP,贫困人口比例，按国家贫困线衡量的（2017 PPP）（占人口的百分比）,SI.POV.NAHC,,,,,,,,,,,,,,,,,,,,,,,,,,,,,,,,,,,,,,,,,,,,,,,,,,,,,,,,,,55.5,,,,,,
苏里南,SUR,贫困人口比例，按国家贫困线衡量的（2017 PPP）（占人口的百分比）,SI.POV.NAHC,,,,,,,,,,,,,,,,,,,,,,,,,,,,,,,,,,,,,,,,,,,,,,,,,,,,,,,,,,,,,,,,
斯洛伐克共和国,SVK,贫困人口比例，按国家贫困线衡量的（2017 PPP）（占人口的百分比）,SI.POV.NAHC,,,,,,,,,,,,,,,,,,,,,,,,,,,,,,,,,,,,,,,,,,,,,13.3,11.6,10.6,10.9,11,12,13,13.2,12.8,12.6,12.3,12.7,12.4,12.2,11.9,11.4,12.3,13.7,,
斯洛文尼亚,SVN,贫困人口比例，按国家贫困线衡量的（2017 PPP）（占人口的百分比）,SI.POV.NAHC,,,,,,,,,,,,,,,,,,,,,,,,,,,,,,,,,,,,,,,,,,,,,12.2,11.6,11.5,12.3,11.3,12.7,13.6,13.5,14.5,14.5,14.3,13.9,13.3,13.3,12,12.4,11.7,12.1,12.7,
瑞典,SWE,贫困人口比例，按国家贫困线衡量的（2017 PPP）（占人口的百分比）,SI.POV.NAHC,,,,,,,,,,,,,,,,,,,,,,,,,,,,,,,,,,,,,,,,,,,,,,,,13.5,14.4,14.8,15.4,15.2,16,15.6,16.3,16.2,15.8,16.4,17.1,16.1,15.7,16,16.1,
斯威士兰,SWZ,贫困人口比例，按国家贫困线衡量的（2017 PPP）（占人口的百分比）,SI.POV.NAHC,,,,,,,,,,,,,,,,,,,,,,,,,,,,,,,,,,,,,,,,,69,,,,,,,,,63,,,,,,,58.9,,,,,,,
圣马丁(荷属),SXM,贫困人口比例，按国家贫困线衡量的（2017 PPP）（占人口的百分比）,SI.POV.NAHC,,,,,,,,,,,,,,,,,,,,,,,,,,,,,,,,,,,,,,,,,,,,,,,,,,,,,,,,,,,,,,,,
塞舌尔,SYC,贫困人口比例，按国家贫困线衡量的（2017 PPP）（占人口的百分比）,SI.POV.NAHC,,,,,,,,,,,,,,,,,,,,,,,,,,,,,,,,,,,,,,,,,,,,,,,,,,,,,,39.3,,,,,25.3,,,,,
阿拉伯叙利亚共和国,SYR,贫困人口比例，按国家贫困线衡量的（2017 PPP）（占人口的百分比）,SI.POV.NAHC,,,,,,,,,,,,,,,,,,,,,,,,,,,,,,,,,,,,,,,,,,,,30.1,,,,35.2,,,,,,,,,,,,,,,,
特克斯科斯群岛,TCA,贫困人口比例，按国家贫困线衡量的（2017 PPP）（占人口的百分比）,SI.POV.NAHC,,,,,,,,,,,,,,,,,,,,,,,,,,,,,,,,,,,,,,,,,,,,,,,,,,,,,,,,,,,,,,,,
乍得,TCD,贫困人口比例，按国家贫困线衡量的（2017 PPP）（占人口的百分比）,SI.POV.NAHC,,,,,,,,,,,,,,,,,,,,,,,,,,,,,,,,,,,,,,,,,,,,,,,,,,,,,,,,,,,42.3,,,,,
东亚与太平洋地区 (IBRD与IDA),TEA,贫困人口比例，按国家贫困线衡量的（2017 PPP）（占人口的百分比）,SI.POV.NAHC,,,,,,,,,,,,,,,,,,,,,,,,,,,,,,,,,,,,,,,,,,,,,,,,,,,,,,,,,,,,,,,,
欧洲与中亚地区 (IBRD与IDA),TEC,贫困人口比例，按国家贫困线衡量的（2017 PPP）（占人口的百分比）,SI.POV.NAHC,,,,,,,,,,,,,,,,,,,,,,,,,,,,,,,,,,,,,,,,,,,,,,,,,,,,,,,,,,,,,,,,
多哥,TGO,贫困人口比例，按国家贫困线衡量的（2017 PPP）（占人口的百分比）,SI.POV.NAHC,,,,,,,,,,,,,,,,,,,,,,,,,,,,,,,,,,,,,,,,,,,,,,,,,,,,,,,,,,,45.5,,,,,
泰国,THA,贫困人口比例，按国家贫困线衡量的（2017 PPP）（占人口的百分比）,SI.POV.NAHC,,,,,,,,,,,,,,,,,,,,,,,,,,,,,,,,,,,,,,,,,42.3,,32.4,,26.8,,21.9,20,20.4,17.9,16.4,13.2,12.6,10.9,10.5,7.2,8.6,7.9,9.9,6.2,6.8,6.3,,
塔吉克斯坦,TJK,贫困人口比例，按国家贫困线衡量的（2017 PPP）（占人口的百分比）,SI.POV.NAHC,,,,,,,,,,,,,,,,,,,,,,,,,,,,,,,,,,,,,,,,,,,,,,,,,,,,,,,,,,,,,,23.2,22.5,
土库曼斯坦,TKM,贫困人口比例，按国家贫困线衡量的（2017 PPP）（占人口的百分比）,SI.POV.NAHC,,,,,,,,,,,,,,,,,,,,,,,,,,,,,,,,,,,,,,,,,,,,,,,,,,,,,,,,,,,,,,,,
拉丁美洲与加勒比海地区 (IBRD与IDA),TLA,贫困人口比例，按国家贫困线衡量的（2017 PPP）（占人口的百分比）,SI.POV.NAHC,,,,,,,,,,,,,,,,,,,,,,,,,,,,,,,,,,,,,,,,,,,,,,,,,,,,,,,,,,,,,,,,
东帝汶,TLS,贫困人口比例，按国家贫困线衡量的（2017 PPP）（占人口的百分比）,SI.POV.NAHC,,,,,,,,,,,,,,,,,,,,,,,,,,,,,,,,,,,,,,,,,,36.3,,,,,,50.4,,,,,,,41.8,,,,,,,,,
中东与北非地区 (IBRD与IDA),TMN,贫困人口比例，按国家贫困线衡量的（2017 PPP）（占人口的百分比）,SI.POV.NAHC,,,,,,,,,,,,,,,,,,,,,,,,,,,,,,,,,,,,,,,,,,,,,,,,,,,,,,,,,,,,,,,,
汤加,TON,贫困人口比例，按国家贫困线衡量的（2017 PPP）（占人口的百分比）,SI.POV.NAHC,,,,,,,,,,,,,,,,,,,,,,,,,,,,,,,,,,,,,,,,,,,,,,,,,,,,,,,,,,,,,,20.6,,
南亚 (IBRD与IDA),TSA,贫困人口比例，按国家贫困线衡量的（2017 PPP）（占人口的百分比）,SI.POV.NAHC,,,,,,,,,,,,,,,,,,,,,,,,,,,,,,,,,,,,,,,,,,,,,,,,,,,,,,,,,,,,,,,,
撒哈拉以南非洲地区 (IBRD与IDA),TSS,贫困人口比例，按国家贫困线衡量的（2017 PPP）（占人口的百分比）,SI.POV.NAHC,,,,,,,,,,,,,,,,,,,,,,,,,,,,,,,,,,,,,,,,,,,,,,,,,,,,,,,,,,,,,,,,
特立尼达和多巴哥,TTO,贫困人口比例，按国家贫困线衡量的（2017 PPP）（占人口的百分比）,SI.POV.NAHC,,,,,,,,,,,,,,,,,,,,,,,,,,,,,,,,,,,,,,,,,,,,,,,,,,,,,,,,,,,,,,,,
突尼斯,TUN,贫困人口比例，按国家贫困线衡量的（2017 PPP）（占人口的百分比）,SI.POV.NAHC,,,,,,,,,,,,,,,,,,,,,,,,,,,,,,,,,,,,,,,,,25.4,,,,,23.1,,,,,20.5,,,,,15.2,,,,,,16.6,,
土耳其,TUR,贫困人口比例，按国家贫困线衡量的（2017 PPP）（占人口的百分比）,SI.POV.NAHC,,,,,,,,,,,,,,,,,,,,,,,,,,,,,,,,,,,,,,,,,,,,,,,,,,,,,,,,,,,,,,14.4,,
图瓦卢,TUV,贫困人口比例，按国家贫困线衡量的（2017 PPP）（占人口的百分比）,SI.POV.NAHC,,,,,,,,,,,,,,,,,,,,,,,,,,,,,,,,,,,,,,,,,,,,,,,,,,,26.3,,,,,,,,,,,,,
坦桑尼亚,TZA,贫困人口比例，按国家贫困线衡量的（2017 PPP）（占人口的百分比）,SI.POV.NAHC,,,,,,,,,,,,,,,,,,,,,,,,,,,,,,,,,,,,,,,,,35.6,,,,,,,34.4,,,,28.2,,,,,,,26.4,,,,,
乌干达,UGA,贫困人口比例，按国家贫困线衡量的（2017 PPP）（占人口的百分比）,SI.POV.NAHC,,,,,,,,,,,,,,,,,,,,,,,,,,,,,,,,,,,,,,,,,,,38.8,,,31.1,,,,24.5,,,19.7,,,,21.4,,,20.3,,,,
乌克兰,UKR,贫困人口比例，按国家贫困线衡量的（2017 PPP）（占人口的百分比）,SI.POV.NAHC,,,,,,,,,,,,,,,,,,,,,,,,,,,,,,,,,,,,,,,,,,,,,,,,,,,,,,,,,,,,,1.6,,,
中高等收入国家,UMC,贫困人口比例，按国家贫困线衡量的（2017 PPP）（占人口的百分比）,SI.POV.NAHC,,,,,,,,,,,,,,,,,,,,,,,,,,,,,,,,,,,,,,,,,,,,,,,,,,,,,,,,,,,,,,,,
乌拉圭,URY,贫困人口比例，按国家贫困线衡量的（2017 PPP）（占人口的百分比）,SI.POV.NAHC,,,,,,,,,,,,,,,,,,,,,,,,,,,,,,,,,,,,,,,,,,,,,,,,,,,,,,,,,,,,,,,9.9,
美国,USA,贫困人口比例，按国家贫困线衡量的（2017 PPP）（占人口的百分比）,SI.POV.NAHC,,,,,,,,,,,,,,,,,,,,,,,,,,,,,,,,,,,,,,,,,,,,,,,,,,,,,,,,,,,,,,,,
乌兹别克斯坦,UZB,贫困人口比例，按国家贫困线衡量的（2017 PPP）（占人口的百分比）,SI.POV.NAHC,,,,,,,,,,,,,,,,,,,,,,,,,,,,,,,,,,,,,,,,,,,,,,,,,,,,,,,,,,,,,,17,14.1,11
圣文森特和格林纳丁斯,VCT,贫困人口比例，按国家贫困线衡量的（2017 PPP）（占人口的百分比）,SI.POV.NAHC,,,,,,,,,,,,,,,,,,,,,,,,,,,,,,,,,,,,,,,,,,,,,,,,,,,,,,,,,,,,,,,,
委内瑞拉玻利瓦尔共和国,VEN,贫困人口比例，按国家贫困线衡量的（2017 PPP）（占人口的百分比）,SI.POV.NAHC,,,,,,,,,,,,,,,,,,,,,,,,,,,,,,,,,,,,,,,,,41.6,31.1,41.1,54,53.1,42.4,33.1,27.5,27.7,26.4,26.8,27.4,27.2,29.4,29.5,33.1,,,,,,,,
英屬維爾京群島,VGB,贫困人口比例，按国家贫困线衡量的（2017 PPP）（占人口的百分比）,SI.POV.NAHC,,,,,,,,,,,,,,,,,,,,,,,,,,,,,,,,,,,,,,,,,,,,,,,,,,,,,,,,,,,,,,,,
美属维京群岛,VIR,贫困人口比例，按国家贫困线衡量的（2017 PPP）（占人口的百分比）,SI.POV.NAHC,,,,,,,,,,,,,,,,,,,,,,,,,,,,,,,,,,,,,,,,,,,,,,,,,,,,,,,,,,,,,,,,
越南,VNM,贫困人口比例，按国家贫困线衡量的（2017 PPP）（占人口的百分比）,SI.POV.NAHC,,,,,,,,,,,,,,,,,,,,,,,,,,,,,,,,,,,,,,,,,,,,,,,,,,,,,,,,,9.2,7.9,6.8,5.7,4.8,,4.3,
瓦努阿图,VUT,贫困人口比例，按国家贫困线衡量的（2017 PPP）（占人口的百分比）,SI.POV.NAHC,,,,,,,,,,,,,,,,,,,,,,,,,,,,,,,,,,,,,,,,,,,,,,,,,,,,,,,,,,,,15.9,,,,
世界,WLD,贫困人口比例，按国家贫困线衡量的（2017 PPP）（占人口的百分比）,SI.POV.NAHC,,,,,,,,,,,,,,,,,,,,,,,,,,,,,,,,,,,,,,,,,,,,,,,,,,,,,,,,,,,,,,,,
萨摩亚,WSM,贫困人口比例，按国家贫困线衡量的（2017 PPP）（占人口的百分比）,SI.POV.NAHC,,,,,,,,,,,,,,,,,,,,,,,,,,,,,,,,,,,,,,,,,,,,,,,,,26.9,,,,,18.8,,,,,21.9,,,,,
科索沃,XKX,贫困人口比例，按国家贫困线衡量的（2017 PPP）（占人口的百分比）,SI.POV.NAHC,,,,,,,,,,,,,,,,,,,,,,,,,,,,,,,,,,,,,,,,,,,,,,,,,,,,,22.9,17.6,21.1,17.6,,,,,,,,
也门共和国,YEM,贫困人口比例，按国家贫困线衡量的（2017 PPP）（占人口的百分比）,SI.POV.NAHC,,,,,,,,,,,,,,,,,,,,,,,,,,,,,,,,,,,,,,,,,,,,,,34.8,,,,,,,,,48.6,,,,,,,,,
南非,ZAF,贫困人口比例，按国家贫困线衡量的（2017 PPP）（占人口的百分比）,SI.POV.NAHC,,,,,,,,,,,,,,,,,,,,,,,,,,,,,,,,,,,,,,,,,,,,,,66.6,,,62.1,,53.2,,,,55.5,,,,,,,,,
赞比亚,ZMB,贫困人口比例，按国家贫困线衡量的（2017 PPP）（占人口的百分比）,SI.POV.NAHC,,,,,,,,,,,,,,,,,,,,,,,,,,,,,,,,,,,,,,,,,,,,,,,,,,,57,,,,,54.4,,,,,,,60,
津巴布韦,ZWE,贫困人口比例，按国家贫困线衡量的（2017 PPP）（占人口的百分比）,SI.POV.NAHC,,,,,,,,,,,,,,,,,,,,,,,,,,,,,,,,,,,,,,,,,,32.2,,,,,,,,,,22.5,,,,,,30.4,,38.3,,,,
