Country Name,Country Code,Indicator Name,Indicator Code,1960,1961,1962,1963,1964,1965,1966,1967,1968,1969,1970,1971,1972,1973,1974,1975,1976,1977,1978,1979,1980,1981,1982,1983,1984,1985,1986,1987,1988,1989,1990,1991,1992,1993,1994,1995,1996,1997,1998,1999,2000,2001,2002,2003,2004,2005,2006,2007,2008,2009,2010,2011,2012,2013,2014,2015,2016,2017,2018,2019,2020,2021,2022,2023
阿鲁巴,ABW,"Unemployment, total (% of total labor force) (national estimate)",SL.UEM.TOTL.NE.ZS,,,,,,,,,,,,,,,,,,,,,,,,,,,,,,,,6.08,,,6.45,,,7.45,,,6.92,6.9,,,,,,5.71,,,10.6,8.9,,,,,,,,,8.9,,,
阿富汗,AFG,"Unemployment, total (% of total labor force) (national estimate)",SL.UEM.TOTL.NE.ZS,,,,,,,,,,,,,,,,,,,,,,,,,,,,,,,,,,,,,,,,,,,,,,,,,2.495,,,,1.692,,7.915,,,11.184,,,11.71,5.679,,
,AFW,"Unemployment, total (% of total labor force) (national estimate)",SL.UEM.TOTL.NE.ZS,,,,,,,,,,,,,,,,,,,,,,,,,,,,,,,,,,,,,,,,,,,,,,,,,,,,,,,4.404806827,,,7.239992239,,7.783834773,3.164319552,,3.164319552,
安哥拉,AGO,"Unemployment, total (% of total labor force) (national estimate)",SL.UEM.TOTL.NE.ZS,,,,,,,,,,,,,,,,,,,,,,,,,14.2,14.9,18.9,,,,,,,,,,,,,,,,,,23.643,,,,,3.782,9.43,16.77,,,9.579,,,,,16.497,14.124,15.799,14.124,
阿尔巴尼亚,ALB,"Unemployment, total (% of total labor force) (national estimate)",SL.UEM.TOTL.NE.ZS,,,,,,,,,,,,,,,,,,,,,5.6,5.1,3.6,4.4,5.7,6.7,6.4,6.1,7.0,7.3,9.5,9.1,26.5,22.3,18.4,12.9,12.3,14.9,17.7,18.4,16.8,16.4,4.615,15.0,14.4,6.566,13.8,15.966,13.06,13.674,14.086,13.481,13.376,15.866,18.055,17.193,15.418,13.616,12.304,11.466,11.639,11.474,10.785,10.669
阿拉伯联盟国家,ARB,"Unemployment, total (% of total labor force) (national estimate)",SL.UEM.TOTL.NE.ZS,,,,,,,,,,,,,,,,,,,,,,,,,,,,,,,,,,,,,,,,,,,,,,,10.42891142,9.751051526,10.06922875,9.578208071,9.369813554,,10.69604503,,10.7870991,,9.678819876,,,,9.678819876,,,
阿拉伯联合酋长国,ARE,"Unemployment, total (% of total labor force) (national estimate)",SL.UEM.TOTL.NE.ZS,,,,,,,,,,,,,,,,1.96,,,,,,,,,,1.15,,,,,,,,,,1.8,,,,,2.25,,,,,3.12,,,,,,,,,,,1.64,2.462,2.236,2.331,4.294,3.105,2.873,2.151
阿根廷,ARG,"Unemployment, total (% of total labor force) (national estimate)",SL.UEM.TOTL.NE.ZS,,,,,,,,,,,4.8,6.0,6.6,5.6,3.4,2.3,4.5,2.8,2.8,2.0,2.3,4.5,4.73,4.17,3.54,5.3,4.4,5.3,6.0,7.3,7.06,5.44,6.36,10.1,11.76,18.8,17.11,14.82,12.65,14.05,15.0,17.32,19.59,15.36,13.522,11.506,10.078,8.47,7.837,8.645,7.714,7.18,7.217,7.1,7.268,,,8.347,9.221,9.843,11.461,8.736,6.805,6.139
亚美尼亚,ARM,"Unemployment, total (% of total labor force) (national estimate)",SL.UEM.TOTL.NE.ZS,,,,,,,,,,,,,,,,,,,,,,,,,,,,,,,,,1.8,5.3,6.6,6.7,9.3,10.8,9.4,11.2,,,,,,,,10.394,22.974,19.295,19.523,18.884,17.511,16.576,17.499,18.261,17.617,17.705,10.589,9.794,8.055,8.418,,
美属萨摩亚,ASM,"Unemployment, total (% of total labor force) (national estimate)",SL.UEM.TOTL.NE.ZS,,,,,,,,,,,,,,,12.99,17.24,19.08,14.87,13.79,14.35,12.41,12.61,12.78,12.96,13.11,13.29,13.38,,,,5.11,,,,,,,,,,5.05,,,,,9.98,,,,,9.2,,,,,,,,,,9.2,,,
安提瓜和巴布达,ATG,"Unemployment, total (% of total labor force) (national estimate)",SL.UEM.TOTL.NE.ZS,,,,,,,,,,,,,,20.46,19.46,19.45,20.69,,,,,,,,,,,,,,,6.0,,,,,,,,,,8.42,,,,,,,,,,,,,,,,,8.78,,8.78,,,
澳大利亚,AUS,"Unemployment, total (% of total labor force) (national estimate)",SL.UEM.TOTL.NE.ZS,,,,,,,,,,,,,,,,,,,,6.265,6.105,5.784,7.163,9.961,8.987,8.258,8.081,8.106,7.226,6.175,6.926,9.586,10.733,10.879,9.724,8.473,8.509,8.367,7.684,6.876,6.288,6.747,6.375,5.933,5.399,5.036,4.785,4.381,4.242,5.565,5.214,5.083,5.225,5.663,6.078,6.055,5.711,5.592,5.345,5.143,6.394,5.023,3.728,3.668
奥地利,AUT,"Unemployment, total (% of total labor force) (national estimate)",SL.UEM.TOTL.NE.ZS,,,,,,,,,,2.8,2.4,1.5,1.3,1.2,1.3,2.0,2.0,1.8,2.1,2.0,1.9,2.06,3.35,4.11,3.8,3.6,3.12,3.79,3.55,3.14,3.25,3.42,3.59,4.25,3.535,4.345,5.282,5.15,5.483,4.699,4.687,4.007,4.852,4.779,5.969,5.682,5.32,4.909,4.198,5.371,4.883,4.637,4.909,5.367,5.674,5.802,6.064,5.561,4.933,4.56,5.201,6.459,4.992,5.264
阿塞拜疆,AZE,"Unemployment, total (% of total labor force) (national estimate)",SL.UEM.TOTL.NE.ZS,,,,,,,,,,,,,,,,,,,,,,,,,,,,,,,,0.11,0.17,0.52,0.65,0.8,0.9,1.03,1.13,16.25,11.78,10.91,10.04,9.17,7.99,7.26,6.62,6.33,5.86,5.74,5.63,5.42,5.19,4.97,4.91,4.96,5.0,5.0,4.9,5.0,7.24,6.04,5.65,
布隆迪,BDI,"Unemployment, total (% of total labor force) (national estimate)",SL.UEM.TOTL.NE.ZS,,,,,,,,,,,,,,,,,,,,,,,,,,,,,,,0.48,,,,,,,,,14.0,,,,,,,3.185,,1.634,,,,,,1.572,,,,,,1.03,,,
比利时,BEL,"Unemployment, total (% of total labor force) (national estimate)",SL.UEM.TOTL.NE.ZS,,,,,,,,,,,,2.1,2.7,2.8,3.0,5.1,6.5,5.67,7.9,6.96,9.1,11.35,13.0,11.66,11.882,11.321,11.28,11.257,10.128,8.284,7.25,6.984,6.702,8.078,9.645,9.337,9.483,8.95,9.323,8.649,6.586,6.178,6.91,7.68,7.363,8.44,8.246,7.459,6.976,7.908,8.293,7.14,7.542,8.425,8.523,8.482,7.83,7.09,5.941,5.364,5.545,6.248,5.57,5.528
贝宁,BEN,"Unemployment, total (% of total labor force) (national estimate)",SL.UEM.TOTL.NE.ZS,,,,,,,,,,,,,,,,,,,,,,,,,,,0.18,,,,,,1.51,,,,,,,,,,0.69,,,,,,,,1.04,2.647,,,,,,,,1.214,1.685,,1.685,
布基纳法索,BFA,"Unemployment, total (% of total labor force) (national estimate)",SL.UEM.TOTL.NE.ZS,,,,,,,,,,,,,,,,,,,,,,,,,,1.3,,,,,,,,,2.58,,,,2.44,,,,,2.78,,4.0,,3.3,,,,,,,6.481,,,,4.695,1.56,5.348,,1.927,5.348
孟加拉国,BGD,"Unemployment, total (% of total labor force) (national estimate)",SL.UEM.TOTL.NE.ZS,,,,,,,,,,,,,,,,,,,,,,,,,2.04,2.02,0.96,,,0.92,,2.2,,,,,2.51,,,,3.27,,,4.32,,4.25,3.591,,,5.0,3.379,,,4.426,,,4.35,4.372,,,4.593,,4.593,
保加利亚,BGR,"Unemployment, total (% of total labor force) (national estimate)",SL.UEM.TOTL.NE.ZS,,,,,,,,,,,,,,,,,,,,,,,,,,,,,,,1.7,11.1,15.3,16.4,12.8,11.1,12.5,13.7,12.2,14.1,16.218,19.921,18.11,13.733,12.037,10.083,8.951,6.878,5.609,6.817,10.279,11.26,12.27,12.941,11.424,9.143,7.575,6.164,5.211,4.23,5.125,5.267,4.268,4.319
巴林,BHR,"Unemployment, total (% of total labor force) (national estimate)",SL.UEM.TOTL.NE.ZS,,,,,,,,,,,,,,,,,,,,,,3.1,,,,,,,,,,,,,,,,,,,,,,,,,,5.6,3.7,4.0,1.13,4.0,1.2,,,,,,,,1.2,,,
巴哈马,BHS,"Unemployment, total (% of total labor force) (national estimate)",SL.UEM.TOTL.NE.ZS,,,,,,,,,,,,,,8.6,,21.2,,20.86,,14.7,,,,,,,12.09,,11.02,11.59,7.77,12.17,14.81,12.72,13.83,10.83,11.46,9.76,7.65,7.45,,6.87,9.05,10.84,10.2,10.2,7.54,7.88,8.18,14.25,,14.52,14.02,16.18,13.8,12.0,12.7,9.8,10.0,9.336,8.643,,,8.643
波斯尼亚和黑塞哥维那,BIH,"Unemployment, total (% of total labor force) (national estimate)",SL.UEM.TOTL.NE.ZS,,,,,,,,,,,,,,,,,,,,,,,,,,,,,,,,17.55,,,,,,,,,,16.1,,,,,31.11,28.984,23.405,24.068,27.312,27.582,28.01,27.49,27.517,27.695,25.408,20.527,18.4,15.692,15.868,14.897,12.657,10.668
白俄罗斯,BLR,"Unemployment, total (% of total labor force) (national estimate)",SL.UEM.TOTL.NE.ZS,,,,,,,,,,,,,,,,,,,,,,,,,,,,,,,,0.05,0.5,1.4,2.1,2.9,4.0,2.8,2.3,2.1,2.1,2.3,3.0,3.1,1.9,1.5,1.2,1.0,0.8,6.1,,0.6,0.5,0.5,0.5,1.0,5.844,5.648,4.763,4.165,4.049,3.9,3.574,3.461
伯利兹,BLZ,"Unemployment, total (% of total labor force) (national estimate)",SL.UEM.TOTL.NE.ZS,,,,,,,,,,,,,,,,,,,,,,,,,,,,,,,,,,9.78,11.1,12.48,13.82,12.68,14.31,12.84,,9.07,10.04,,,10.91,9.39,8.51,8.18,,,,,8.349,8.244,7.578,7.0,6.596,9.346,9.053,29.283,,,
百慕大,BMU,"Unemployment, total (% of total labor force) (national estimate)",SL.UEM.TOTL.NE.ZS,,,,,,,,,,,,,,,,,,,,,,,,,,,,,,,,,,,,,,,,,2.71,,,,,,,,,4.48,6.49,,8.44,6.66,8.94,,,,,,8.94,,,
玻利维亚,BOL,"Unemployment, total (% of total labor force) (national estimate)",SL.UEM.TOTL.NE.ZS,,,,,,,,,,,,9.0,8.1,7.1,6.1,5.2,5.3,5.3,5.5,5.6,6.1,10.16,11.6,14.19,14.66,19.28,19.76,20.32,18.0,10.1,6.69,6.59,5.52,5.99,3.08,3.69,5.23,2.08,,3.93,4.47,5.24,5.48,,4.17,5.45,5.08,5.18,2.603,2.973,,2.255,2.066,2.437,2.021,3.111,3.498,3.655,3.519,3.682,7.903,5.089,3.552,3.024
巴西,BRA,"Unemployment, total (% of total labor force) (national estimate)",SL.UEM.TOTL.NE.ZS,,,,,,,,,,,,,3.06,2.78,,,1.92,2.32,2.36,2.76,,3.99,4.83,4.62,4.04,3.38,2.37,3.56,3.79,4.145,4.703,,7.086,6.03,,7.092,8.035,9.003,10.15,11.125,,10.649,10.641,11.169,10.072,10.551,9.692,9.28,8.268,9.419,,7.578,7.251,7.071,6.755,8.538,11.58,12.792,12.33,11.936,13.697,13.159,9.231,7.947
巴巴多斯,BRB,"Unemployment, total (% of total labor force) (national estimate)",SL.UEM.TOTL.NE.ZS,,,,,,,,,,,,,,,,,9.86,12.45,13.29,9.45,8.98,7.23,8.39,9.06,17.02,18.85,17.88,17.94,17.57,14.06,8.16,7.52,22.94,24.54,22.98,19.66,14.71,14.61,12.4,10.61,9.35,9.85,10.32,11.0,,,,,,10.02,10.69,,,11.55,12.17,9.803,8.247,8.62,8.321,8.41,11.015,11.015,,
文莱达鲁萨兰国,BRN,"Unemployment, total (% of total labor force) (national estimate)",SL.UEM.TOTL.NE.ZS,,,,,,,,,,,,,,,,8.252,7.85,8.063,8.696,10.041,7.668,7.842,6.548,6.037,,,,,,,,4.7,,,,,,,,,,,,,,,,,,,,,,,6.862,,,9.316,8.7,6.6,7.409,4.905,5.191,5.296
不丹,BTN,"Unemployment, total (% of total labor force) (national estimate)",SL.UEM.TOTL.NE.ZS,,,,,,,,,,,,,,,,,,,,,,,,,,,,,,,,,,,,,,,1.4,1.4,,1.9,,1.8,2.49,3.1,3.13,3.7,,3.96,3.32,3.23,2.05,2.87,2.63,2.45,,,3.35,2.72,5.03,4.804,5.947,3.126
博茨瓦纳,BWA,"Unemployment, total (% of total labor force) (national estimate)",SL.UEM.TOTL.NE.ZS,,,,,,,,,,,,,,,,,,,,,,,,,,25.67,,,,,,13.82,,,21.2,,21.593,,20.86,,15.88,18.54,,23.8,,,17.782,,,16.169,17.86,,,,,,,,,20.094,21.017,23.106,23.615,23.381
加拿大,CAN,"Unemployment, total (% of total labor force) (national estimate)",SL.UEM.TOTL.NE.ZS,,,,,,,,,,4.7,5.9,6.4,6.3,5.6,5.4,,7.09,8.049,8.376,7.525,7.537,7.607,11.04,12.018,11.344,10.503,9.593,8.82,7.762,7.547,8.131,10.316,11.197,11.377,10.395,9.489,9.62,9.101,8.279,7.583,6.829,7.219,7.665,7.574,7.185,6.758,6.484,6.156,6.284,8.46,8.178,7.637,7.392,7.143,7.023,6.945,7.038,6.426,5.837,5.69,9.657,7.527,5.28,5.415
中歐和波羅的海,CEB,"Unemployment, total (% of total labor force) (national estimate)",SL.UEM.TOTL.NE.ZS,,,,,,,,,,,,,,,,,,,,,,,,,,,,,,,,,10.64322799,12.37135325,11.56945817,10.85425242,10.37053631,9.398011318,9.191343823,10.6194719,12.16612156,13.50531618,13.95720799,13.26364905,12.87662965,12.03105717,10.11720853,7.805137237,6.600337211,8.516515684,9.926547566,9.808862847,10.00885235,10.0782198,8.879508823,7.815951119,6.481621164,5.284201735,4.305781078,3.771055482,4.359087824,4.463176154,3.984283803,4.014840386
瑞士,CHE,"Unemployment, total (% of total labor force) (national estimate)",SL.UEM.TOTL.NE.ZS,,,,,,,,,,,,,,,,0.3,0.7,0.4,0.4,0.4,0.2,0.2,0.4,0.9,1.1,1.0,0.8,0.8,0.7,0.6,2.07,1.818,2.344,3.551,3.58,3.094,3.684,4.127,3.568,3.053,2.658,2.49,2.924,4.117,4.316,4.437,3.995,3.641,3.35,4.109,4.808,4.409,4.491,4.747,4.826,4.801,4.918,4.797,4.713,4.394,4.817,5.013,4.122,4.043
智利,CHL,"Unemployment, total (% of total labor force) (national estimate)",SL.UEM.TOTL.NE.ZS,,,,,,,,,,,,,,,,14.69,12.75,11.83,14.26,13.63,10.46,11.35,19.6,14.65,13.91,,8.71,,6.23,5.29,5.63,5.23,4.35,4.49,5.87,4.7,7.414,7.136,7.307,11.158,10.491,10.39,10.168,9.765,10.162,9.34,9.024,8.427,9.285,11.313,8.278,7.277,6.562,6.074,6.483,6.313,6.673,7.257,7.623,7.493,10.934,9.281,8.249,9.013
中国,CHN,"Unemployment, total (% of total labor force) (national estimate)",SL.UEM.TOTL.NE.ZS,,,,,,,,,,,,,,,,,,,5.3,5.4,4.9,3.8,3.2,2.3,1.9,1.8,2.0,2.0,2.0,2.6,2.5,2.3,2.3,2.6,2.8,2.9,3.0,3.1,3.1,3.1,3.707,3.6,4.0,4.3,4.2,4.2,4.1,4.0,4.2,4.3,4.1,4.1,4.1,4.05,4.1,,,3.9,4.93,5.15,5.61,5.11,,
科特迪瓦,CIV,"Unemployment, total (% of total labor force) (national estimate)",SL.UEM.TOTL.NE.ZS,,,,,,,,,,,,,,,,,,,,,,,,,,,,,,,,,6.7,,,4.1,,,4.1,,,,,,,,,,,,,,7.223,4.255,,,1.896,3.273,,2.401,2.31,,2.31,
喀麦隆,CMR,"Unemployment, total (% of total labor force) (national estimate)",SL.UEM.TOTL.NE.ZS,,,,,,,,,,,,,,,,,,,,,,,,,,,,,,,,,,,,,8.06,,,,,7.46,,,,4.4,,3.063,,,4.11,,,,3.534,,,,,,3.275,3.275,,
刚果（金）,COD,"Unemployment, total (% of total labor force) (national estimate)",SL.UEM.TOTL.NE.ZS,,,,,,,,,,,,,,,,,,,,,,,,,,,,,,,,,,,,,,,,,,,,,,2.948,,,,,,,4.485,,,,,,,,1.466,,,
刚果（布）,COG,"Unemployment, total (% of total labor force) (national estimate)",SL.UEM.TOTL.NE.ZS,,,,,,,,,,,,,,,,,,,,,,,,,,,,,,,,,,,,,,,,,,,,,,19.796,,,,19.86,,,10.0,,,,,,,,10.0,,,
哥伦比亚,COL,"Unemployment, total (% of total labor force) (national estimate)",SL.UEM.TOTL.NE.ZS,,,,,,,,,,,,,,,,10.55,,9.4,,,9.1,8.13,11.46,11.13,13.0,13.89,12.94,10.83,,,,10.12,9.44,7.8,8.25,8.72,11.81,12.14,15.0,20.06,20.52,15.04,14.481,13.221,13.717,11.062,,11.204,11.273,12.066,11.153,10.288,9.959,9.246,8.799,8.572,8.922,9.086,9.36,10.28,15.983,13.898,10.547,9.603
科摩罗,COM,"Unemployment, total (% of total labor force) (national estimate)",SL.UEM.TOTL.NE.ZS,,,,,,,,,,,,,,,,,,,,,,,,,,,,,,,,,,,,,,,,,,,,,4.571,,,,,,,,,,8.143,,,,,,4.394,4.394,,
佛得角,CPV,"Unemployment, total (% of total labor force) (national estimate)",SL.UEM.TOTL.NE.ZS,,,,,,,,,,,,,,,,,,,,,,,,,,,,,,,23.0,,,,,,,,,,,,,,,,,,,13.517,10.67,,,,,31.313,,12.24,12.17,11.29,11.29,,,
哥斯达黎加,CRI,"Unemployment, total (% of total labor force) (national estimate)",SL.UEM.TOTL.NE.ZS,,,,,,,,,,,,,,,,,,,,,,,,,,,,,,,,,,,,,,,,,,6.051,6.396,6.654,6.445,6.749,5.926,4.557,4.934,7.824,7.171,9.518,9.11,8.218,8.499,8.415,8.085,7.729,9.01,10.807,16.432,15.139,11.325,8.325
加勒比小国,CSS,"Unemployment, total (% of total labor force) (national estimate)",SL.UEM.TOTL.NE.ZS,,,,,,,,,,,,,,,,,,,,,,,,,,,,,,,,,15.64695382,,,,,,,,,,,,,,,,,,,,,,,,,,,,15.64695382,,,
古巴,CUB,"Unemployment, total (% of total labor force) (national estimate)",SL.UEM.TOTL.NE.ZS,,,,,,,,,,,,,,,,,,,,,,,,,,,,,,,,,,,,8.27,7.61,7.1,6.23,6.26,5.45,4.08,3.31,2.33,1.854,1.95,1.913,1.788,1.583,1.67,2.5,3.18,3.46,3.29,2.7,2.4,2.0,1.7,1.7,,1.7,,,
库拉索,CUW,"Unemployment, total (% of total labor force) (national estimate)",SL.UEM.TOTL.NE.ZS,,,,,,,,,,,,,,,,,,,,,,,,,,,,,,,,,,,,,,,,,,,,,,,,,,,,9.78,,13.03,12.61,11.71,,,13.43,,19.07,,,
开曼群岛,CYM,"Unemployment, total (% of total labor force) (national estimate)",SL.UEM.TOTL.NE.ZS,,,,,,,,,,,,,,,,,,,,,,,,,,,,,,,,5.91,,7.22,5.74,4.94,5.1,4.14,4.17,,,7.54,5.37,3.61,3.45,3.54,2.62,3.83,3.97,6.04,6.68,6.78,6.21,6.27,4.7,4.24,,,,,4.24,,,
塞浦路斯,CYP,"Unemployment, total (% of total labor force) (national estimate)",SL.UEM.TOTL.NE.ZS,,,,,,,,,,,,,,,,10.9,7.4,3.1,2.0,1.7,2.0,2.6,2.8,3.3,3.3,3.3,3.7,3.4,2.8,2.3,1.8,3.0,2.09,2.7,2.7,2.6,3.1,3.4,3.3,5.532,4.766,4.043,3.336,4.153,4.77,5.481,4.593,3.946,3.756,5.594,6.36,7.942,12.097,16.131,16.277,15.026,13.006,11.155,8.504,7.155,7.755,7.513,6.807,5.835
捷克共和国,CZE,"Unemployment, total (% of total labor force) (national estimate)",SL.UEM.TOTL.NE.ZS,,,,,,,,,,,,,,,,,,,,,,,,,,,,,,,0.7,2.27,2.6,4.349,4.284,4.083,3.852,4.674,6.455,8.702,8.764,8.128,7.281,7.777,8.298,7.927,7.141,5.316,4.393,6.662,7.281,6.712,6.979,6.953,6.108,5.048,3.952,2.893,2.246,2.015,2.551,2.803,2.224,2.58
德国,DEU,"Unemployment, total (% of total labor force) (national estimate)",SL.UEM.TOTL.NE.ZS,,,,,,,,,,,,,,,,,,,,,,,,6.449,6.673,6.875,6.608,6.813,6.319,5.705,4.89,5.316,6.323,7.675,8.727,8.158,8.822,9.861,9.787,8.854,7.917,7.773,8.482,9.779,10.727,11.193,10.277,8.732,7.508,7.88,7.043,5.967,5.372,5.316,4.98,4.612,4.104,3.781,3.384,3.163,3.881,3.594,3.12,3.068
吉布提,DJI,"Unemployment, total (% of total labor force) (national estimate)",SL.UEM.TOTL.NE.ZS,,,,,,,,,,,,,,,,,,,,,,,,,,,,,,,,,,,,,,,,,,,,,,,,,,,,,,,,,,26.064,,,26.064,,,
多米尼克,DMA,"Unemployment, total (% of total labor force) (national estimate)",SL.UEM.TOTL.NE.ZS,,,,,,,,,,,,,,,,,,,,,,,,,,,,,,11.33,,9.53,,,,,,23.18,,15.67,,10.96,,,,,,,,,,,,,,,,,,,10.96,,,
丹麦,DNK,"Unemployment, total (% of total labor force) (national estimate)",SL.UEM.TOTL.NE.ZS,,,,,,,,,,,,,,0.9,2.1,5.1,5.3,6.4,7.3,6.1,7.0,9.2,10.0,9.745,8.868,7.797,6.033,6.091,6.486,8.149,8.338,9.099,9.027,10.719,8.036,6.992,6.844,5.4,5.039,5.142,4.476,4.164,4.274,5.398,5.204,4.83,3.897,3.801,3.683,6.409,7.747,7.769,7.798,7.384,6.925,6.278,5.989,5.833,5.131,5.018,5.637,5.043,4.434,5.094
多米尼加共和国,DOM,"Unemployment, total (% of total labor force) (national estimate)",SL.UEM.TOTL.NE.ZS,,,,,,,,,,,,,,,,,,,,,,,,,,,,,,,,,,,,,,,,,6.432,7.262,6.779,6.938,6.303,6.587,5.655,5.158,4.764,5.467,5.212,6.087,6.722,7.352,6.719,7.605,7.284,5.832,5.861,6.356,6.126,7.702,5.504,5.555
阿尔及利亚,DZA,"Unemployment, total (% of total labor force) (national estimate)",SL.UEM.TOTL.NE.ZS,,,,,,,,,,,,,,,,,,,,,,,,,,,,,,17.64,21.26,20.6,24.38,26.23,27.74,31.84,,25.43,,,29.77,27.3,25.9,23.72,17.65,15.27,12.27,13.79,11.33,10.16,9.96,9.96,10.97,9.82,10.207,11.206,10.202,,,,10.202,,,
东亚与太平洋地区（不包括高收入）,EAP,"Unemployment, total (% of total labor force) (national estimate)",SL.UEM.TOTL.NE.ZS,,,,,,,,,,,,,,,,,,,,,,,,,,,,,,,2.757627562,2.572403194,2.547602223,2.793711373,3.118603218,3.055368227,3.22735965,3.32189979,3.551887486,3.60884439,4.079058394,3.789167665,4.211798813,4.309301735,4.33716318,4.475881743,4.37807841,4.206803962,4.380554457,4.22389392,3.935846215,3.875053679,3.800562098,3.742282185,3.75670456,,,3.52925413,4.29600318,4.335991805,4.821795148,4.549347867,,
早人口紅利,EAR,"Unemployment, total (% of total labor force) (national estimate)",SL.UEM.TOTL.NE.ZS,,,,,,,,,,,,,,,,,,,,,,,,,,,,,,,,,,,4.257087616,,,,,,5.361771942,,,,,5.837698936,,,,,4.926150497,,5.031336269,,,,,,7.034013143,6.429447756,7.576020386,6.642668296,5.603837503,5.178356181
东亚与太平洋地区,EAS,"Unemployment, total (% of total labor force) (national estimate)",SL.UEM.TOTL.NE.ZS,,,,,,,,,,,,,,,,,,,,,,,,,,,,,,,2.737630018,2.600208672,2.6002743,2.851145058,3.14106441,3.089848023,3.261667703,3.351784366,3.701391777,3.779366117,4.138668681,3.908818204,4.312221454,4.383712523,4.363551165,4.458434773,4.340611636,4.159709566,4.317562747,4.295178556,4.020636967,3.914697734,3.832865211,3.763878791,3.761389245,,,3.522212443,4.184791032,4.206919496,4.697288425,4.434696571,,
欧洲与中亚地区（不包括高收入）,ECA,"Unemployment, total (% of total labor force) (national estimate)",SL.UEM.TOTL.NE.ZS,,,,,,,,,,,,,,,,,,,,,,,,,,,,,,,,,,,,6.48182767,7.774695346,8.325054759,9.342333733,10.6271367,8.560529542,8.73525171,8.773860607,8.588198328,8.426885924,7.941340788,8.100666861,8.416493782,8.589910178,10.34668989,9.883389743,8.79559579,8.465019297,8.416954097,8.824178918,8.835717691,9.157980856,9.03174725,9.102446716,9.647349811,9.236551533,9.959917613,,
欧洲与中亚地区,ECS,"Unemployment, total (% of total labor force) (national estimate)",SL.UEM.TOTL.NE.ZS,,,,,,,,,,,,,,,,,,,,,,,,,,,,,,,,,7.677299949,8.803438902,9.766761334,9.492227295,9.8520047,10.18079107,10.34819997,10.40189872,9.199395846,8.621030876,8.635001336,8.724820505,8.67156831,8.359916245,7.935126844,7.200544553,7.161703447,9.099533248,9.18644556,8.831174387,9.042471818,9.239836181,8.917340204,8.529016458,8.101434909,7.497398974,6.985177264,6.733640323,7.070179766,6.936668653,5.833071701,5.569928549
厄瓜多尔,ECU,"Unemployment, total (% of total labor force) (national estimate)",SL.UEM.TOTL.NE.ZS,,,,,,,,,,,,,,,4.4,5.3,,5.8,,,,,,,,,,7.24,6.99,7.71,5.88,8.19,8.56,7.95,6.68,6.7,10.38,9.17,11.49,13.96,4.8,4.252,,5.662,5.002,3.779,3.55,3.142,3.917,4.608,4.088,3.458,3.235,3.083,3.48,3.616,4.597,3.836,3.53,3.812,6.116,4.504,3.713,3.51
阿拉伯埃及共和国,EGY,"Unemployment, total (% of total labor force) (national estimate)",SL.UEM.TOTL.NE.ZS,,,,,,,,,,,2.4,1.82,1.53,1.71,2.3,2.57,,3.13,3.64,4.55,5.18,4.97,5.21,6.47,5.89,,,,,7.06,8.43,9.38,8.92,10.92,10.93,11.04,9.0,8.37,8.03,7.95,8.98,9.26,10.01,10.91,10.32,11.049,10.49,8.8,8.517,9.087,8.757,11.849,12.597,13.154,13.105,13.052,12.45,11.767,9.855,7.851,7.974,7.441,7.344,6.753
欧洲货币联盟,EMU,"Unemployment, total (% of total labor force) (national estimate)",SL.UEM.TOTL.NE.ZS,,,,,,,,,,,,,,,,,,,,,,,,,,,,,,,8.221631164,8.391373077,8.970473573,10.59298169,11.74056411,11.37235939,11.62357754,11.6196397,11.20334774,10.45216261,9.472259515,8.418762648,8.679847271,9.021087183,9.290411215,9.150511738,8.430376493,7.538207662,7.544836772,9.634995385,10.1760027,10.26220734,11.41617792,11.99893887,11.62850341,10.88521948,10.03647044,9.073758499,8.16093523,7.52037068,7.830216719,7.72158294,6.748114491,6.562318467
西班牙,ESP,"Unemployment, total (% of total labor force) (national estimate)",SL.UEM.TOTL.NE.ZS,,,,,,,,,,1.3,1.1,1.5,1.5,2.49,3.04,4.8,2.9,5.2,6.97,8.61,11.4,14.17,16.0,17.49,20.25,21.64,21.259,20.607,19.854,17.331,16.273,15.929,17.697,22.156,24.209,22.675,22.142,20.698,18.673,15.475,13.785,10.348,11.146,11.283,11.09,9.146,8.452,8.232,11.255,17.857,19.86,21.391,24.789,26.094,24.441,22.057,19.635,17.224,15.255,14.105,15.532,14.781,12.917,12.179
爱沙尼亚,EST,"Unemployment, total (% of total labor force) (national estimate)",SL.UEM.TOTL.NE.ZS,,,,,,,,,,,,,,,,,,,,,,,,,,,,,,0.56,0.637,1.468,3.681,6.544,7.561,9.659,9.915,10.369,9.51,11.573,13.36,13.135,10.026,11.288,10.248,8.033,5.915,4.592,5.455,13.548,16.707,12.328,10.021,8.631,7.352,6.412,6.882,5.807,5.412,4.514,6.956,6.178,5.571,6.378
埃塞俄比亚,ETH,"Unemployment, total (% of total labor force) (national estimate)",SL.UEM.TOTL.NE.ZS,,,,,,,,,,,,,,,,,,,,,,,,,1.2,,,,,,,,,,3.1,,,,,3.714,,,,,,2.497,,,,,,,,2.251,,,,,,,3.935,3.935,,
欧洲联盟,EUU,"Unemployment, total (% of total labor force) (national estimate)",SL.UEM.TOTL.NE.ZS,,,,,,,,,,,,,,,,,,,,,,,,,,,,,,,7.449163231,8.126666907,9.282296871,10.91774535,11.54818379,11.068935,11.14292693,10.94572166,10.52671786,10.2128289,9.706504373,9.210307197,9.564788535,9.703857238,9.856337544,9.632410826,8.687654203,7.502880043,7.241976999,9.212329785,9.874350832,9.929708211,10.87550814,11.35065817,10.82920485,10.02018621,9.109690224,8.136327782,7.25624114,6.686730282,7.048397455,7.01143907,6.142330765,6.027801143
芬兰,FIN,"Unemployment, total (% of total labor force) (national estimate)",SL.UEM.TOTL.NE.ZS,,,,,,,,,,2.83,1.89,2.26,2.42,2.45,1.61,2.08,3.75,6.09,7.23,6.2,4.86,5.04,5.28,5.43,5.12,5.0,5.32,5.07,4.47,3.14,3.069,6.503,11.595,16.201,16.426,17.005,15.572,14.968,13.215,11.693,11.135,10.291,10.423,10.469,10.358,9.602,8.935,6.854,6.369,8.25,8.394,7.781,7.689,8.193,8.663,9.376,8.818,8.64,7.361,6.695,7.759,7.617,6.719,7.151
斐济,FJI,"Unemployment, total (% of total labor force) (national estimate)",SL.UEM.TOTL.NE.ZS,,,,,,,,,,,,,,,,,,,,,,,6.06,,,,,,,,,5.93,5.35,5.88,5.7,5.4,5.78,,,,,,,8.22,4.7,3.886,,,8.94,8.72,8.91,4.406,9.0,,6.17,,4.32,,,,4.32,,,
法国,FRA,"Unemployment, total (% of total labor force) (national estimate)",SL.UEM.TOTL.NE.ZS,,,,,,,,,,,2.42,2.67,2.77,2.69,2.86,4.08,4.47,5.01,5.27,6.03,6.42,7.54,8.2,7.918,9.533,10.259,10.23,10.735,10.18,9.618,9.36,9.134,10.203,11.321,12.593,11.834,12.367,12.566,12.074,11.981,10.218,8.61,8.702,8.307,8.914,8.882,8.833,8.009,7.386,9.122,9.279,9.228,9.841,9.913,10.273,10.354,10.057,9.41,9.018,8.415,8.01,7.871,7.303,7.335
法罗群岛,FRO,"Unemployment, total (% of total labor force) (national estimate)",SL.UEM.TOTL.NE.ZS,,,,,,,,,,,,,,,,,,,,,,,,,,,,,,,,,,,,,,,,,4.17,4.0,,3.85,3.7,3.46,1.8,1.73,2.36,3.94,6.39,5.29,3.03,4.03,,,,,,,4.03,,,
密克罗尼西亚联邦,FSM,"Unemployment, total (% of total labor force) (national estimate)",SL.UEM.TOTL.NE.ZS,,,,,,,,,,,,,,,,,,,,,,,,,,,,,,,,,,,,,,,,,,,,,,,,,,,,,,,8.863,,,,,,8.863,,,
加蓬,GAB,"Unemployment, total (% of total labor force) (national estimate)",SL.UEM.TOTL.NE.ZS,,,,,,,,,,,,,,,,,,,,,,,,,,,,,,,,,,17.78,,,,,,,,,,,,16.91,,,,,20.39,,,,,,,,,,20.39,,,
英国,GBR,"Unemployment, total (% of total labor force) (national estimate)",SL.UEM.TOTL.NE.ZS,,,,,,,,,,,,3.3,3.7,2.6,2.6,4.0,5.5,5.8,5.7,5.3,6.8,10.4,10.9,11.088,10.901,11.48,11.508,11.017,9.004,7.405,6.969,8.55,9.772,10.346,9.648,8.694,8.189,7.072,6.198,6.042,5.558,4.696,5.037,4.807,4.594,4.884,5.473,5.399,5.748,7.683,7.973,8.195,8.279,7.752,6.398,5.552,4.909,4.501,4.145,3.657,4.518,4.865,3.768,4.025
格鲁吉亚,GEO,"Unemployment, total (% of total labor force) (national estimate)",SL.UEM.TOTL.NE.ZS,,,,,,,,,,,,,,,,,,,,,,,,,,,,,,,,,,,,,2.4,5.0,14.53,13.8,10.82,11.16,12.59,11.51,12.62,13.81,13.57,13.28,17.87,20.71,20.203,19.632,19.653,19.416,17.439,16.506,16.604,13.939,12.667,11.565,11.734,,,
加纳,GHA,"Unemployment, total (% of total labor force) (national estimate)",SL.UEM.TOTL.NE.ZS,,,,,,,,,,,,,,,,,,,,,,,,,,,,,,,,3.489,4.7,,,,,,8.2,10.1,10.456,,,,,,4.897,,,,5.384,,,2.173,,6.806,,3.369,,,2.87,3.195,2.87,
直布罗陀,GIB,"Unemployment, total (% of total labor force) (national estimate)",SL.UEM.TOTL.NE.ZS,,,,,,,,,,,,,,,,,,,,,,,,,,,,,,,,6.44,,,,,,,,,,,,,,,,,,,,,,,,,,,,,6.44,,,
几内亚,GIN,"Unemployment, total (% of total labor force) (national estimate)",SL.UEM.TOTL.NE.ZS,,,,,,,,,,,,,,,,,,,,,,,,,,,,,,,,,,,,,,,,,,,4.549,,,,,,,,,,,,,,,,,5.018,5.018,,,
冈比亚,GMB,"Unemployment, total (% of total labor force) (national estimate)",SL.UEM.TOTL.NE.ZS,,,,,,,,,,,,,,,,,,,,,,,,,,,,,,,,,,,,,,,,,,,,,,,,,,,,,10.346,,,,,,4.127,,6.479,,,6.479
几内亚比绍共和国,GNB,"Unemployment, total (% of total labor force) (national estimate)",SL.UEM.TOTL.NE.ZS,,,,,,,,,,,,,,,,,,,,,,,,,,,,,,,,,,,,,,,,,,,,,,,,,,,,,,,,,,,3.127,1.799,2.666,,2.666,
赤道几内亚,GNQ,"Unemployment, total (% of total labor force) (national estimate)",SL.UEM.TOTL.NE.ZS,,,,,,,,,,,,,,,,,,,,,,,,25.0,,,,,,,,,,,,,,,,,,,,,,,,,,,,,,,,,,,,,25.0,,,
希腊,GRC,"Unemployment, total (% of total labor force) (national estimate)",SL.UEM.TOTL.NE.ZS,,,,,,,,,,,,,,,,,,,,,,3.42,4.94,7.804,8.1,7.8,7.356,7.448,7.828,7.505,7.012,7.572,8.927,10.177,9.808,10.117,10.402,10.472,12.227,12.138,11.345,10.764,10.346,9.839,10.628,10.074,8.906,8.351,7.664,9.546,12.719,17.973,24.731,27.686,26.708,24.981,23.514,21.414,19.179,17.045,15.899,14.657,12.426,11.023
格林纳达,GRD,"Unemployment, total (% of total labor force) (national estimate)",SL.UEM.TOTL.NE.ZS,,,,,,,,,,,,,,,,,,,,,,,,,,,,,,,,13.91,,,26.93,,16.89,,15.24,,,,,,,,,,,,,,,24.2,24.5,22.9,,,13.658,9.788,12.974,13.035,,6.34
格陵兰,GRL,"Unemployment, total (% of total labor force) (national estimate)",SL.UEM.TOTL.NE.ZS,,,,,,,,,,,,,,,,,,,,,,,,,,,,,,,,,,,,,12.92,10.08,11.56,9.03,11.02,9.53,8.82,10.3,10.44,9.25,8.4,,,,7.8,9.4,9.8,10.1,10.3,9.1,,,,,9.1,,,
危地马拉,GTM,"Unemployment, total (% of total labor force) (national estimate)",SL.UEM.TOTL.NE.ZS,,,,,,,,,,,,,,,,,,,,,,2.15,2.27,,,,,2.4,,1.94,,,,,,,,,,,,,2.254,2.807,2.971,,1.902,,,,3.497,4.126,2.765,3.017,2.717,2.506,2.583,2.462,2.283,2.193,2.344,2.174,3.051,2.344
关岛,GUM,"Unemployment, total (% of total labor force) (national estimate)",SL.UEM.TOTL.NE.ZS,,,,,,,,,,,,,,,9.6,8.21,8.79,,,,9.9,8.7,9.6,9.25,,,6.28,,4.27,2.81,2.831,3.509,3.837,5.527,7.6,7.9,8.283,9.67,7.74,13.95,15.32,13.213,11.39,,7.7,7.0,7.4,8.3,,9.3,8.2,13.3,12.2,11.5,7.6,6.9,5.4,,,,5.4,,,
圭亚那,GUY,"Unemployment, total (% of total labor force) (national estimate)",SL.UEM.TOTL.NE.ZS,,,,,,,,,,,,,,,,,,,,,,,,,,,,13.09,,,,,11.9,,,,,,,,,,11.81,,,,10.7,,,,,,,,,,,,13.627,13.172,13.172,,,
高收入国家,HIC,"Unemployment, total (% of total labor force) (national estimate)",SL.UEM.TOTL.NE.ZS,,,,,,,,,,,,,,,,,,,,,,,,,,,,,,,5.762180636,6.563952633,7.103045397,7.636874872,7.947594521,7.736603727,7.792617113,7.799112976,7.884863666,7.74208479,7.054107619,6.915646686,7.242013693,7.363890468,7.134066669,6.801056647,6.332785401,5.7193007,5.949291435,8.084726456,8.219698209,7.891540467,7.773606283,7.689653435,7.087431872,6.59442249,6.103829358,5.600592023,5.095198751,4.765630403,6.441530063,5.562231729,4.504994495,4.359774636
中国香港特别行政区,HKG,"Unemployment, total (% of total labor force) (national estimate)",SL.UEM.TOTL.NE.ZS,,,,,,,,,,,,,,,,9.17,5.0,4.3,1.59,2.09,2.4,1.53,1.85,2.11,1.92,3.18,2.82,1.73,1.36,1.07,1.32,1.8,1.96,1.96,1.9,3.22,2.83,2.22,4.58,6.25,4.92,5.09,7.28,7.86,6.74,5.58,4.77,4.01,3.56,5.26,4.329,3.422,3.285,3.4,3.296,3.314,3.392,3.124,2.805,2.917,5.808,5.174,4.318,2.949
洪都拉斯,HND,"Unemployment, total (% of total labor force) (national estimate)",SL.UEM.TOTL.NE.ZS,,,,,,,,,,,,,,,8.1,,,,,,,,7.3,,,,12.12,11.4,,,4.78,4.58,3.06,,,3.24,4.37,3.32,4.02,3.85,,4.0,4.02,5.3,5.99,4.909,3.575,3.211,3.156,3.292,4.119,4.475,3.755,5.646,7.078,6.147,6.727,5.528,5.648,5.698,10.983,8.506,8.774,6.071
克罗地亚,HRV,"Unemployment, total (% of total labor force) (national estimate)",SL.UEM.TOTL.NE.ZS,,,,,,,,,,,,,,,,,,,,,,,,,,,,,,,,11.14,,,,,9.68,9.71,11.392,13.559,16.064,15.822,15.053,13.924,13.664,12.598,11.13,9.909,8.53,9.202,11.62,13.678,15.935,17.251,17.29,16.175,13.103,11.208,8.432,6.617,7.507,7.608,6.96,6.086
海地,HTI,"Unemployment, total (% of total labor force) (national estimate)",SL.UEM.TOTL.NE.ZS,,,,,,,,,,,,,,,,,,,,,,,,12.2,,,,,,,11.25,,,,,,,,,7.2,,,,,,,,16.8,,,,,14.1,,,,,,,,14.1,,,
匈牙利,HUN,"Unemployment, total (% of total labor force) (national estimate)",SL.UEM.TOTL.NE.ZS,,,,,,,,,,,,,,,,,,,,,,,,,,,,,,,1.7,8.5,9.942,12.098,10.847,10.168,10.022,8.991,8.925,6.929,6.563,5.671,5.608,5.79,5.832,7.189,7.494,7.406,7.817,10.03,11.172,11.029,11.003,10.177,7.725,6.813,5.115,4.156,3.709,3.419,4.25,4.045,3.609,4.107
只有IBRD,IBD,"Unemployment, total (% of total labor force) (national estimate)",SL.UEM.TOTL.NE.ZS,,,,,,,,,,,,,,,,,,,,,,,,,,,,,,,,,,,4.083011088,,5.135005585,5.314954046,5.781670586,6.079711433,5.351471047,6.131929025,6.675466395,6.50983958,6.360399357,5.751689755,6.01830074,5.718649372,5.738499813,6.023286153,4.98496863,5.610899594,4.93338226,5.337239823,5.378010532,,,5.567762466,6.345045715,6.170233423,6.979915285,6.446501782,5.748493072,
IBRD与IDA,IBT,"Unemployment, total (% of total labor force) (national estimate)",SL.UEM.TOTL.NE.ZS,,,,,,,,,,,,,,,,,,,,,,,,,,,,,,,,,,,4.107819116,,,,,,5.351338741,,,,,5.657787613,,,,,4.807315133,,4.832996071,,,,,,6.192455146,6.152516761,6.73866488,6.326725996,,
IDA混合,IDB,"Unemployment, total (% of total labor force) (national estimate)",SL.UEM.TOTL.NE.ZS,,,,,,,,,,,,,,,,,,,,,,,,,,,,,,,,,,,,,,,,,,,,,,,,,,,,2.739791128,,3.506565073,3.535826775,4.107566544,4.769685221,,,7.883346636,7.883346636,,,
印度尼西亚,IDN,"Unemployment, total (% of total labor force) (national estimate)",SL.UEM.TOTL.NE.ZS,,,,,,,,,,,,,,,,,1.92,1.29,2.48,,1.66,,2.85,,,2.1,2.59,2.55,2.74,,2.541,2.617,2.734,2.782,4.366,,4.861,4.684,5.459,6.358,6.078,6.082,6.604,6.658,7.303,7.945,7.551,8.06,7.209,6.106,5.614,5.153,4.468,4.336,4.049,4.514,4.301,3.783,4.387,3.59,4.255,3.827,3.462,3.308
马恩岛,IMN,"Unemployment, total (% of total labor force) (national estimate)",SL.UEM.TOTL.NE.ZS,,,,,,,,,,,,,,,,3.1,3.5,3.7,3.1,2.3,2.9,4.6,5.9,7.1,7.4,8.0,7.7,5.8,3.3,2.0,2.1,4.1,4.3,4.9,4.7,4.4,3.54,,,0.8,0.6,1.6,0.5,0.8,1.0,1.4,2.42,1.4,1.4,,,3.31,,2.598,1.98,,2.67,,,,2.67,,,
印度,IND,"Unemployment, total (% of total labor force) (national estimate)",SL.UEM.TOTL.NE.ZS,,,,,,,,,,,,,,,,,,,,,,,,,,,,,,,,,,,2.147,,,,,,2.731,,,,,3.804,,,,,3.115,,3.222,,,,,,7.652,6.51,7.859,6.38,4.822,4.172
爱尔兰,IRL,"Unemployment, total (% of total labor force) (national estimate)",SL.UEM.TOTL.NE.ZS,,,,,,,,,,,,,,,,,,,,,,,,14.764,16.438,17.92,18.02,18.056,17.431,16.092,14.077,15.771,15.021,15.571,14.544,11.97,11.692,10.192,7.699,5.804,4.318,3.684,4.216,4.478,4.491,4.237,4.355,4.98,6.774,12.609,14.534,15.354,15.451,13.735,11.858,9.908,8.374,6.713,5.741,4.95,5.623,6.364,4.501,4.288
伊朗伊斯兰共和国,IRN,"Unemployment, total (% of total labor force) (national estimate)",SL.UEM.TOTL.NE.ZS,,,,,,,,,,,,,,,,,,,,,,,,,,,14.2,,,,,11.1,,,,,9.1,,,,,,12.8,,10.3,11.813,11.519,10.772,10.63,12.113,13.679,12.491,12.275,10.595,10.68,11.166,12.618,12.232,12.195,10.74,9.687,9.282,9.085,
伊拉克,IRQ,"Unemployment, total (% of total labor force) (national estimate)",SL.UEM.TOTL.NE.ZS,,,,,,,,,,,,,,,,,,,,,,,,,,,,,,,,,,,,,,,,,,,,,,,,8.646,,,,,7.965,,10.59,,10.82,13.02,,,16.173,16.173,,
冰岛,ISL,"Unemployment, total (% of total labor force) (national estimate)",SL.UEM.TOTL.NE.ZS,,,,,,,,,,,,,,,,,,,,,,,,,,,,,,,,2.548,4.305,5.257,5.326,5.196,3.6,3.72,3.069,2.178,1.936,1.874,2.988,3.997,4.031,2.547,2.83,2.251,2.946,7.22,7.564,7.028,6.0,5.376,4.897,3.979,2.978,2.742,2.704,3.507,5.478,6.029,3.789,3.518
以色列,ISR,"Unemployment, total (% of total labor force) (national estimate)",SL.UEM.TOTL.NE.ZS,,,,,,,,,,4.47,3.82,3.46,2.7,2.64,3.05,,3.47,,3.42,2.78,4.59,4.92,4.81,4.32,5.69,6.33,,,,,12.241,13.387,14.08,12.741,9.934,8.782,8.455,9.751,10.749,11.183,11.102,11.812,12.888,13.505,13.029,11.342,10.707,9.379,7.704,9.534,8.48,7.139,6.762,6.137,5.789,5.176,4.723,4.14,3.917,3.731,4.169,4.812,3.695,3.371
意大利,ITA,"Unemployment, total (% of total labor force) (national estimate)",SL.UEM.TOTL.NE.ZS,,,,,,,,,,,5.44,5.44,6.39,6.37,5.38,5.82,6.64,7.12,7.24,7.64,7.53,,9.03,8.531,9.404,9.404,10.535,10.719,10.973,10.99,9.781,10.097,9.321,10.212,11.086,11.661,11.864,11.985,12.117,11.681,10.834,9.599,9.211,8.869,7.866,7.731,6.777,6.076,6.723,7.749,8.363,8.359,10.655,12.149,12.683,11.896,11.688,11.211,10.61,9.952,9.164,9.497,8.069,7.627
牙买加,JAM,"Unemployment, total (% of total labor force) (national estimate)",SL.UEM.TOTL.NE.ZS,,,,,,,,,,17.58,,,23.18,22.11,20.5,19.65,21.81,,23.72,,35.51,25.0,26.7,,,33.39,,,23.03,,15.72,15.74,15.75,16.32,15.34,16.23,16.01,16.35,15.5,15.74,15.539,14.93,14.191,11.731,12.205,11.263,10.325,9.745,6.666,7.314,7.63,8.034,8.695,9.698,9.046,13.511,8.634,7.399,5.47,4.987,6.501,5.188,4.083,3.022
约旦,JOR,"Unemployment, total (% of total labor force) (national estimate)",SL.UEM.TOTL.NE.ZS,,,,,,,,,,,,,,,,,,,,,,,,6.6,,,13.3,14.8,,,,,,19.7,,14.6,13.7,,,,13.7,14.7,15.3,14.5,,14.8,14.0,13.1,12.7,12.9,12.5,12.9,12.2,12.6,11.9,13.075,15.275,18.12,18.257,16.801,19.213,19.837,18.2,16.622
日本,JPN,"Unemployment, total (% of total labor force) (national estimate)",SL.UEM.TOTL.NE.ZS,1.7,1.4,1.3,1.3,1.1,1.2,1.3,1.3,1.2,1.1,1.1,1.2,1.4,1.3,1.4,1.9,2.0,2.0,2.2,2.1,2.0,2.2,2.4,2.6,2.7,2.6,2.8,2.8,2.5,2.3,2.095,2.059,2.158,2.539,2.89,3.15,3.383,3.374,4.078,4.677,4.748,5.02,5.386,5.251,4.734,4.446,4.192,3.888,4.002,5.068,5.103,4.55,4.358,4.038,3.589,3.385,3.132,2.822,2.467,2.351,2.809,2.809,2.615,2.6
哈萨克斯坦,KAZ,"Unemployment, total (% of total labor force) (national estimate)",SL.UEM.TOTL.NE.ZS,,,,,,,,,,,,,,,,,,,,,,,,,,,,,,,,0.05,0.4,1.11,7.54,10.98,12.96,13.01,13.13,13.46,12.75,10.43,9.33,8.78,8.4,8.13,7.79,7.26,6.63,6.55,5.77,5.39,5.29,5.2,5.06,4.93,4.96,4.9,4.85,4.8,4.89,,4.86,
肯尼亚,KEN,"Unemployment, total (% of total labor force) (national estimate)",SL.UEM.TOTL.NE.ZS,,,,,,,,,,,,,,,,,,,,,,,,,,,,,,,,,,,,,,,,10.004,,,,,,9.957,,,,9.6,,,,,,,2.757,,,5.014,5.693,5.693,,
吉尔吉斯斯坦,KGZ,"Unemployment, total (% of total labor force) (national estimate)",SL.UEM.TOTL.NE.ZS,,,,,,,,,,,,,,,,,,,,,,,,,,,,,,,,,,,,,,,,,7.54,7.84,12.55,9.92,8.53,8.11,8.27,8.1,8.22,8.41,8.692,7.455,5.908,5.526,5.051,4.2,4.009,3.319,4.559,5.45,5.945,5.149,4.767,
柬埔寨,KHM,"Unemployment, total (% of total labor force) (national estimate)",SL.UEM.TOTL.NE.ZS,,,,,,,,,,,,,,,,,,,,,,,,,,,,,,,,,,,,,0.963,0.638,,0.039,2.764,2.055,,0.909,7.53,,,1.257,0.825,0.579,0.771,0.577,1.279,0.438,0.692,0.393,0.716,0.141,,0.499,0.172,0.396,,
基里巴斯,KIR,"Unemployment, total (% of total labor force) (national estimate)",SL.UEM.TOTL.NE.ZS,,,,,,,,,,,,,,,,,,,,,,,,,,,,,,,,,,,,,,,,,,,,,,14.65,,,,,30.58,,,,,9.335,,,,8.557,10.971,,,
圣基茨和尼维斯,KNA,"Unemployment, total (% of total labor force) (national estimate)",SL.UEM.TOTL.NE.ZS,,,,,,,,,,,,,,,,,,,,,9.83,,,,,,,,,,,5.14,,,,,,,,,,5.12,,,,,,,,,,,,,,,,,,,5.12,,,
大韩民国,KOR,"Unemployment, total (% of total labor force) (national estimate)",SL.UEM.TOTL.NE.ZS,,,,,,,,,,4.86,4.51,4.57,4.59,4.04,4.15,4.18,3.808,3.806,3.167,3.812,5.196,4.507,4.363,4.068,3.801,3.983,3.81,3.088,2.519,2.569,2.454,2.407,2.513,2.878,2.476,2.063,2.048,2.608,6.963,6.342,4.063,3.699,3.046,3.348,3.42,3.482,3.254,3.013,2.959,3.363,3.324,2.992,2.812,2.747,3.082,3.546,3.65,3.653,3.824,3.746,3.931,3.639,2.857,2.675
科威特,KWT,"Unemployment, total (% of total labor force) (national estimate)",SL.UEM.TOTL.NE.ZS,,,,,,,,,,,,,,,,,,,,,,,,1.02,,,,,1.91,,,,,0.8,0.7,,0.7,0.7,0.7,0.7,0.8,0.8,1.1,1.3,1.7,1.95,1.3,1.5,1.75,1.64,1.82,,,,2.9,2.2,2.16,,,,2.16,,,
拉丁美洲与加勒比海地区（不包括高收入）,LAC,"Unemployment, total (% of total labor force) (national estimate)",SL.UEM.TOTL.NE.ZS,,,,,,,,,,,,,,,,,,,,,,,,,,,,,,,,,6.580925897,6.435083195,,8.329876893,8.656217887,8.326224322,8.95457083,9.648864695,,8.933859007,9.16173106,8.90056339,8.331486384,8.12075376,7.045055384,7.312905461,6.687622525,7.731375309,,6.530445269,6.366257433,6.15988006,5.954084543,6.505289196,7.75486604,8.110321335,7.966375022,8.15606735,10.58086065,9.280397251,6.895055181,6.043108143
老挝,LAO,"Unemployment, total (% of total labor force) (national estimate)",SL.UEM.TOTL.NE.ZS,,,,,,,,,,,,,,,,,,,,,,,,,,,,,,,,,,,,2.6,,,,,,,,,,1.35,,,,,0.708,,,,,,,3.269,,,1.209,,1.209,
黎巴嫩,LBN,"Unemployment, total (% of total labor force) (national estimate)",SL.UEM.TOTL.NE.ZS,,,,,,,,,,,,,,,,,,,,,,,,,,,,,,,,,,,,,,8.62,,,,,,,7.85,,,8.98,,6.355,,,,,,,,,,11.301,11.301,,,
利比里亚,LBR,"Unemployment, total (% of total labor force) (national estimate)",SL.UEM.TOTL.NE.ZS,,,,,,,,,,,,,,,,,,,,,,,,,,,,,,,,,,,,,,,,,,,,,,,,,,,2.266,,,,2.079,,3.081,5.938,,,5.938,,,
利比亚,LBY,"Unemployment, total (% of total labor force) (national estimate)",SL.UEM.TOTL.NE.ZS,,,,,,,,,,,,,,,,,,,,,,,,,,,,,,,,,,,,,,,,,,,,,,,,,,,,,19.03,,,,,,,,19.03,,,
圣卢西亚,LCA,"Unemployment, total (% of total labor force) (national estimate)",SL.UEM.TOTL.NE.ZS,,,,,,,,,,,,,,,,,,,,,,,,,,,,,,,,,,16.8,17.0,15.83,16.33,20.47,21.6,18.09,16.49,,20.39,22.18,20.97,18.7,16.0,14.0,12.72,15.37,,18.86,19.06,22.21,,,,19.136,19.329,15.613,25.225,20.514,15.934,12.094
拉丁美洲与加勒比海地区,LCN,"Unemployment, total (% of total labor force) (national estimate)",SL.UEM.TOTL.NE.ZS,,,,,,,,,,,,,,,,,,,,,,,,,,,,,,,,,6.728032872,6.574338609,,8.437503428,8.894691395,8.410294696,8.987024666,9.740722568,,9.067878475,9.637561546,9.403033772,8.455233491,8.337423034,7.253331869,7.369028453,6.761893501,7.787265629,,6.594383352,6.401537295,6.181151747,6.000711704,6.510479922,7.586183759,7.937758362,7.950545989,8.120024126,10.51773364,9.272363985,6.947386312,6.159855089
列支敦士登,LIE,"Unemployment, total (% of total labor force) (national estimate)",SL.UEM.TOTL.NE.ZS,,,,,,,,,,,,,,,,,,,,,,,,,,,,,,,0.15,0.52,0.76,1.36,1.02,0.9,1.6,1.34,1.78,1.78,1.27,1.12,1.45,2.11,2.4,2.66,2.46,2.01,,,,,,,,,,,,,2.01,,,
斯里兰卡,LKA,"Unemployment, total (% of total labor force) (national estimate)",SL.UEM.TOTL.NE.ZS,,,,,,,,,,,,,,,,,,,,,,,,,,,,,,,15.9,14.661,14.22,13.82,13.03,12.27,11.35,10.6,9.17,8.88,7.74,7.9,8.76,8.22,8.38,7.67,6.5,5.97,5.22,5.85,4.784,4.118,3.88,4.186,4.157,4.519,4.243,4.046,4.318,4.67,5.365,4.981,4.528,
中低等收入国家,LMC,"Unemployment, total (% of total labor force) (national estimate)",SL.UEM.TOTL.NE.ZS,,,,,,,,,,,,,,,,,,,,,,,,,,,,,,,,,,,3.538130072,,,,,,4.085979813,,,,,4.772634824,,,,,3.386552982,,3.828117616,,,,,,6.480646356,6.280999112,4.760427784,6.164771141,4.760427784,
中低收入国家,LMY,"Unemployment, total (% of total labor force) (national estimate)",SL.UEM.TOTL.NE.ZS,,,,,,,,,,,,,,,,,,,,,,,,,,,,,,,,,,,3.661249932,,,,,,4.955214676,,,,,5.427778505,,,,,4.617741367,,4.724037177,,,,,,6.256771879,6.237195032,6.791188308,6.397741368,,
莱索托,LSO,"Unemployment, total (% of total labor force) (national estimate)",SL.UEM.TOTL.NE.ZS,,,,,,,,,,,,,,,,,,,,,,,,,,,10.0,,,,,,,,,,,37.94,,27.27,,,,,,,,,35.46,,,,,24.58,,,,,,16.876,16.876,,,
後期人口紅利,LTE,"Unemployment, total (% of total labor force) (national estimate)",SL.UEM.TOTL.NE.ZS,,,,,,,,,,,,,,,,,,,,,,,,,,,,,,,3.070738313,2.830669218,3.582114976,3.758216494,4.05348685,4.506330964,4.561308205,4.856815436,5.122824364,5.41796684,5.177866096,5.374091321,5.664250603,5.753051502,5.548140637,5.572676061,5.231314041,4.921778618,5.062475625,5.348527604,4.699977995,4.858683688,4.747803485,4.680578897,4.618105094,,,4.884354373,5.419473963,5.563768114,6.238372086,5.846847809,,
立陶宛,LTU,"Unemployment, total (% of total labor force) (national estimate)",SL.UEM.TOTL.NE.ZS,,,,,,,,,,,,,,,,,,,,,,,,,,,,,,,,,,,17.33,17.54,16.4,14.13,13.711,13.388,15.931,16.84,13.008,12.875,10.684,8.325,5.78,4.25,5.826,13.785,17.814,15.39,13.365,11.77,10.698,9.12,7.862,7.073,6.147,6.255,8.487,7.112,5.956,6.841
卢森堡,LUX,"Unemployment, total (% of total labor force) (national estimate)",SL.UEM.TOTL.NE.ZS,,,,,,,,,,,,,,,,,,,,,,,,3.198,2.628,2.956,2.631,2.465,1.998,1.588,1.607,1.482,2.029,2.33,3.48,2.918,3.286,2.527,2.763,2.39,2.345,1.805,2.621,3.675,5.113,4.488,4.731,4.065,5.06,5.194,4.423,5.122,5.03,6.045,6.044,6.796,6.669,5.523,5.589,5.592,6.766,5.571,4.588,5.184
拉脱维亚,LVA,"Unemployment, total (% of total labor force) (national estimate)",SL.UEM.TOTL.NE.ZS,,,,,,,,,,,,,,,,,,,,,,,,,,,,,,,,,,,,,20.93,14.9,14.454,13.79,14.211,13.821,13.829,12.061,11.708,10.033,7.03,6.052,7.739,17.515,19.482,16.206,15.047,11.867,10.846,9.873,9.643,8.715,7.412,6.312,8.098,7.513,6.815,6.465
中国澳门特别行政区,MAC,"Unemployment, total (% of total labor force) (national estimate)",SL.UEM.TOTL.NE.ZS,,,,,,,,,,,,,,,,,,,,,,,,,,,,,,,,3.01,,,,,4.261,3.225,4.607,6.34,6.874,6.371,6.278,5.995,4.905,4.158,3.822,3.27,2.999,3.58,2.84,2.56,1.97,1.82,1.67,1.81,1.939,1.981,1.803,1.73,2.542,,,
摩洛哥,MAR,"Unemployment, total (% of total labor force) (national estimate)",SL.UEM.TOTL.NE.ZS,,,,,,,,,,,,,,,,,,,,,,,11.503,,,,,14.7,13.9,16.3,15.8,16.98,15.68,15.69,17.931,22.86,17.76,16.67,19.12,13.94,13.58,12.46,11.59,11.92,10.83,11.01,9.67,9.56,9.57,8.96,9.09,8.91,8.99,9.23,9.7,9.46,9.3,,,,11.79,12.28,11.79,
摩纳哥,MCO,"Unemployment, total (% of total labor force) (national estimate)",SL.UEM.TOTL.NE.ZS,,,,,,,,,,,,,,,,,,,,,,,,,,,,,,,,,,,,,,,,,3.6,,,,,,,,,,,,,,,,6.33,,,,6.33,,,
摩尔多瓦,MDA,"Unemployment, total (% of total labor force) (national estimate)",SL.UEM.TOTL.NE.ZS,,,,,,,,,,,,,,,,,,,,,,,,,,,,,,,,,,,,,,,,11.14,8.539,7.366,6.845,6.378,6.374,5.633,4.26,2.749,2.097,3.024,2.972,2.677,2.19,1.894,1.451,1.781,1.591,1.622,1.239,1.502,1.206,0.794,0.909,1.57
马达加斯加,MDG,"Unemployment, total (% of total labor force) (national estimate)",SL.UEM.TOTL.NE.ZS,,,,,,,,,,,,,,,,,,,,,,,,,,,,,,,,,,,,,,,,,5.8,5.35,,5.01,,2.62,,,,,4.28,,0.599,,,1.785,,,,,3.186,,3.186,
马尔代夫,MDV,"Unemployment, total (% of total labor force) (national estimate)",SL.UEM.TOTL.NE.ZS,,,,,,,,,,,,,,,,,,,,,,,,,,,,,,,,,,,,0.79,,,,,1.97,,,,,,,,,11.697,,,,,3.846,,5.771,,,4.562,4.562,,,
中东与北非地区,MEA,"Unemployment, total (% of total labor force) (national estimate)",SL.UEM.TOTL.NE.ZS,,,,,,,,,,,,,,,,,,,,,,,,,,,,,,,,12.43787525,,,,,,,,,,,12.9578943,,11.36265294,11.45411772,10.70106095,9.96177407,9.654878324,9.860229485,10.30467812,11.3601707,10.92294161,10.56603722,10.60375139,10.57270556,10.13604289,10.66075949,,,9.053261502,9.053261502,,
墨西哥,MEX,"Unemployment, total (% of total labor force) (national estimate)",SL.UEM.TOTL.NE.ZS,,,,,,,,,,,,,,,,,,,,,,,,,,,,,1.76,,,3.145,3.235,3.365,4.436,7.095,5.465,4.235,3.733,2.598,2.646,2.627,3.003,3.455,3.937,3.558,3.566,3.628,3.874,5.356,5.303,5.175,4.892,4.921,4.819,4.311,3.853,3.419,3.275,3.477,4.441,4.019,3.256,2.765
马绍尔群岛,MHL,"Unemployment, total (% of total labor force) (national estimate)",SL.UEM.TOTL.NE.ZS,,,,,,,,,,,,,,,,,,,,,9.73,,,,,,,,12.47,,,,,,,,,,,,,,,,,25.37,,,,,,4.74,,,,,,,,6.342,9.823,9.823,,
中等收入国家,MIC,"Unemployment, total (% of total labor force) (national estimate)",SL.UEM.TOTL.NE.ZS,,,,,,,,,,,,,,,,,,,,,,,,,,,,,,,,,,,3.651702664,,,,,,4.951372206,,,,,5.535982156,,,,5.601260089,4.579621648,,4.775335177,4.970834791,5.054451249,,,,6.284668121,6.289827693,6.888634417,6.461919283,,
北马其顿,MKD,"Unemployment, total (% of total labor force) (national estimate)",SL.UEM.TOTL.NE.ZS,,,,,,,,,,,,,,,,,,,,,,,22.0,20.9,21.1,21.6,21.7,21.5,21.4,22.6,23.6,24.5,26.3,27.7,30.0,35.6,38.8,36.0,34.5,32.4,32.2,30.52,31.94,36.69,37.161,37.32,36.392,35.231,33.93,32.351,33.135,31.502,31.096,29.017,28.215,26.395,24.312,22.857,21.208,17.414,16.575,15.801,14.477,13.174
马里,MLI,"Unemployment, total (% of total labor force) (national estimate)",SL.UEM.TOTL.NE.ZS,,,,,,,,,,,,,,,,,,,,,,,,,,,,,,,,,,,,,,3.3,,,,,,,8.75,,,11.71,,,8.07,6.9,,6.351,6.376,7.729,1.367,7.414,1.62,3.29,3.528,,2.387,
马耳他,MLT,"Unemployment, total (% of total labor force) (national estimate)",SL.UEM.TOTL.NE.ZS,,,,,,,,,,,,,,,,,,,,,,,,8.5,,8.1,6.8,4.4,4.0,3.7,3.9,3.6,4.0,4.5,4.1,3.7,4.4,5.0,5.1,5.3,6.324,7.107,6.902,7.488,7.317,6.923,6.798,6.472,5.977,6.896,6.861,6.388,6.203,6.115,5.737,5.389,4.694,4.008,3.665,3.627,4.357,3.403,2.929,3.11
缅甸,MMR,"Unemployment, total (% of total labor force) (national estimate)",SL.UEM.TOTL.NE.ZS,,,,,,,,,,,,,,,,,,,,,,,,,,,,,,,6.0,,,,,,,,,,,,,,,,,,,,,,,,,0.766,,1.356,0.767,0.407,1.476,,,
中东与北非地区（不包括高收入）,MNA,"Unemployment, total (% of total labor force) (national estimate)",SL.UEM.TOTL.NE.ZS,,,,,,,,,,,,,,,,,,,,,,,,,,,,,,,,12.42423613,,,,,,,,,,,13.71765334,,11.94799095,12.35387412,11.26659174,10.52618655,10.46826545,10.56921257,11.14983475,11.76403806,11.89501466,11.61086732,11.67330017,11.98377061,12.02450974,,,,10.48010223,10.48010223,,
黑山,MNE,"Unemployment, total (% of total labor force) (national estimate)",SL.UEM.TOTL.NE.ZS,,,,,,,,,,,,,,,,,,,,,,,,,,,,,,,,,,,,,,,,,,,,,,30.31,,19.4,17.15,19.09,19.649,19.759,19.808,19.585,18.054,17.555,17.732,16.082,15.19,15.128,17.878,16.543,14.852,
蒙古,MNG,"Unemployment, total (% of total labor force) (national estimate)",SL.UEM.TOTL.NE.ZS,,,,,,,,,,,,,,,,,,,,,,,,,,,,,,,,,,,,5.5,,,,,,,6.2,6.768,,,7.193,7.2,5.565,5.86,6.549,4.769,3.905,4.231,4.798,4.861,7.235,6.359,5.377,9.024,6.413,7.871,5.954,5.178
北马里亚纳群岛,MNP,"Unemployment, total (% of total labor force) (national estimate)",SL.UEM.TOTL.NE.ZS,,,,,,,,,,,,,,,,,,,,,,,,,11.75,9.91,,,,,,,,,,,,,,,3.83,,,4.57,,8.22,,,,,11.17,,,,,,,,,,11.17,,,
莫桑比克,MOZ,"Unemployment, total (% of total labor force) (national estimate)",SL.UEM.TOTL.NE.ZS,,,,,,,,,,,,,,,,,,,,,,,,,,,,,,,,,,,,,,2.7,,,,,,,,,,,,,,,,,,3.426,,,,,6.789,,6.789,
毛里塔尼亚,MRT,"Unemployment, total (% of total labor force) (national estimate)",SL.UEM.TOTL.NE.ZS,,,,,,,,,,,,,,,,,,14.14,,,,,,,,,,,25.8,,,,,,,,,,,,,,,,,,,,,,,,9.865,,,,,10.336,,10.416,10.416,,,
毛里求斯,MUS,"Unemployment, total (% of total labor force) (national estimate)",SL.UEM.TOTL.NE.ZS,,,,,,,,,,,,,,,,,,,,,,,,,,,,,,,,,,,,9.59,,,,,,9.14,8.205,5.904,8.337,9.524,9.04,8.475,7.17,7.257,7.654,7.447,7.472,7.322,7.467,7.41,6.814,6.752,6.427,6.331,8.627,7.719,6.322,5.571
马拉维,MWI,"Unemployment, total (% of total labor force) (national estimate)",SL.UEM.TOTL.NE.ZS,,,,,,,,,,,,,,,,,,,,,,,,5.4,,,,,,,,,,,,,,,,,,,,,,0.942,,,,,,1.736,,4.978,,,,3.77,,,0.907,,,
马来西亚,MYS,"Unemployment, total (% of total labor force) (national estimate)",SL.UEM.TOTL.NE.ZS,,,,,,,,,,,5.136,,,,,,,,,,1.661,,3.4,3.8,5.84,6.92,8.29,7.33,7.26,5.73,4.5,0.481,3.71,4.11,,3.15,2.52,2.45,3.2,3.43,3.0,3.53,3.48,3.61,3.54,3.53,,3.23,3.32,3.66,3.39,3.05,3.1,3.16,2.88,3.1,3.44,3.41,3.3,3.26,4.54,4.64,3.93,
北美,NAC,"Unemployment, total (% of total labor force) (national estimate)",SL.UEM.TOTL.NE.ZS,,,,,,,,,,,,,,,,,,,,,,,,,,,,,,,5.860370384,7.160851049,7.873157286,7.349892913,6.545559543,6.030244925,5.861838347,5.403113772,4.882360586,4.551718017,4.273168172,4.979619642,5.974864124,6.153261515,5.701248195,5.257508596,4.816143951,4.782431658,5.836528463,9.169948521,9.477563527,8.807744508,7.995793675,7.349716083,6.26105883,5.461180947,5.104236035,4.580632872,4.108187838,3.891705534,8.230623858,5.59214283,3.833520655,3.841815385
纳米比亚,NAM,"Unemployment, total (% of total labor force) (national estimate)",SL.UEM.TOTL.NE.ZS,,,,,,,,,,,,,,,,,,,,,,,,,,,,,,,,19.14,,,19.4,,,24.45,,,20.3,,,,22.09,,,,,,22.12,,16.771,19.028,18.521,,23.352,,19.877,,19.877,,,
新喀里多尼亚,NCL,"Unemployment, total (% of total labor force) (national estimate)",SL.UEM.TOTL.NE.ZS,,,,,,,,,,,,,,,,,,,,,,,,,,,,,,,,,,,,,18.64,,,,,,,,16.31,,,,,13.97,,,,,14.59,,,11.676,11.702,10.881,13.558,,10.71,
尼日尔,NER,"Unemployment, total (% of total labor force) (national estimate)",SL.UEM.TOTL.NE.ZS,,,,,,,,,,,,,,,,,,,,,,,,,,,,,,,,,,,,,,,,,,1.47,,,,3.1,,,,,,0.317,2.177,,0.524,,,7.769,,0.532,0.403,,0.403,
尼日利亚,NGA,"Unemployment, total (% of total labor force) (national estimate)",SL.UEM.TOTL.NE.ZS,,,,,,,,,,,,,,,,,,,,,,,,,,,3.94,,,,,,,,,,,,,,,,,,,,,,,,,3.77,,3.711,4.562,4.311,7.06,8.389,,10.695,3.074,,3.827,3.074
尼加拉瓜,NIC,"Unemployment, total (% of total labor force) (national estimate)",SL.UEM.TOTL.NE.ZS,,,,,,,,,,,,,,,,,,,,,,,,,,3.2,4.7,5.8,6.0,8.66,,,,,,,,,,,,4.12,,7.6,6.41,5.37,5.31,4.89,6.2,8.16,7.83,,5.208,5.28,4.52,4.7,3.9,3.3,5.2,,5.2,,,
荷兰,NLD,"Unemployment, total (% of total labor force) (national estimate)",SL.UEM.TOTL.NE.ZS,,,,,,,,,,,,,,,,6.0,,5.88,,6.16,,7.92,,11.851,,10.48,,9.898,9.369,8.704,7.671,7.285,5.555,6.287,7.159,7.158,6.421,5.511,4.394,3.623,2.725,2.119,2.554,3.593,4.646,5.873,5.007,4.153,3.658,4.352,4.991,4.977,5.821,7.241,7.419,6.872,6.007,4.837,3.832,3.379,3.82,4.209,3.526,3.537
挪威,NOR,"Unemployment, total (% of total labor force) (national estimate)",SL.UEM.TOTL.NE.ZS,,,,,,,,,,,,,1.67,1.55,1.48,2.29,1.76,1.46,1.8,1.99,,,1.7,2.04,2.9,2.32,1.79,2.03,3.02,4.83,5.261,5.407,5.91,5.965,5.349,6.307,5.036,4.687,3.737,3.247,3.458,3.738,4.022,4.221,4.256,4.381,3.397,2.493,2.521,3.1,3.527,3.196,3.129,3.425,3.486,4.296,4.68,4.164,3.801,3.684,4.424,4.359,3.231,3.573
尼泊尔,NPL,"Unemployment, total (% of total labor force) (national estimate)",SL.UEM.TOTL.NE.ZS,,,,,,,,,,,,,,,,,,,,,,,,,,,,,,,,,,,,,4.5,,,1.85,,,,,,,,,1.328,,,,,,,3.1,,10.66,,,10.66,,,
瑙魯,NRU,"Unemployment, total (% of total labor force) (national estimate)",SL.UEM.TOTL.NE.ZS,,,,,,,,,,,,,,,,,,,,,,,,,,,,,,,,,,,,,,,,,,,22.76,,,,,,,,,22.96,,13.282,,,,,,,5.056,5.056,,
新西兰,NZL,"Unemployment, total (% of total labor force) (national estimate)",SL.UEM.TOTL.NE.ZS,,,,,,,,,,,,,,,,,,,,,,,,,,,4.186,4.214,5.77,7.305,7.982,10.614,10.667,9.804,8.354,6.461,6.29,6.857,7.718,7.023,6.13,5.433,5.282,4.745,4.005,3.807,3.857,3.661,4.167,6.121,6.557,6.491,6.931,5.839,5.428,5.415,5.147,4.736,4.335,4.109,4.595,3.776,3.297,3.731
经合组织成员,OED,"Unemployment, total (% of total labor force) (national estimate)",SL.UEM.TOTL.NE.ZS,,,,,,,,,,,,,,,,,,,,,,,,,,,,,,,5.952280395,6.549452699,7.274644947,7.728699701,7.831384023,7.584649896,7.552337837,7.256824265,7.225290309,7.168510109,6.719970879,6.619354696,7.139909133,7.273567315,7.172797092,6.832230732,6.18924498,5.889070082,6.205557037,8.381343447,8.517477469,8.118721992,8.101301514,7.989056849,7.41292553,6.86043706,6.437919429,5.921600878,5.481618513,5.392505244,7.149881627,6.190876381,4.989960507,4.828981561
阿曼,OMN,"Unemployment, total (% of total labor force) (national estimate)",SL.UEM.TOTL.NE.ZS,,,,,,,,,,,,,,,,,,,,,,,,,,,,,,,,,,,,,,,,,,,,,,,,,4.142,,,,,,,,3.266,,1.8,,2.94,1.9,3.3,
其他小国,OSS,"Unemployment, total (% of total labor force) (national estimate)",SL.UEM.TOTL.NE.ZS,,,,,,,,,,,,,,,,,,,,,,,,,,,,,,,,,,,,,,,,,,,,,,,,8.063130139,,,7.858495453,,,,,,,,,,8.519926123,8.519926123,,
巴基斯坦,PAK,"Unemployment, total (% of total labor force) (national estimate)",SL.UEM.TOTL.NE.ZS,,,,,,,,,,,,2.09,2.15,2.0,1.67,1.7,1.9,1.9,4.18,4.12,4.01,3.82,3.82,4.3,4.16,3.97,3.97,3.05,2.16,2.03,1.97,5.85,5.18,4.28,4.26,5.03,4.79,5.81,5.7,5.35,7.16,6.88,7.83,7.49,7.4,7.05,0.582,0.398,0.423,0.535,0.653,0.796,3.667,2.954,1.827,3.566,2.286,,4.083,4.83,6.338,6.338,,
巴拿马,PAN,"Unemployment, total (% of total labor force) (national estimate)",SL.UEM.TOTL.NE.ZS,,,,,,,,,,,7.1,7.6,6.79,6.99,5.8,6.41,6.67,8.73,8.06,8.78,,,8.41,9.71,10.08,12.34,10.53,11.84,16.33,16.31,11.6,16.12,14.67,13.26,14.0,14.01,14.32,13.37,14.02,11.75,13.53,14.71,14.11,13.62,12.44,10.33,9.11,6.78,4.868,6.56,5.832,3.922,3.714,3.732,4.444,4.402,4.843,5.461,5.313,6.409,18.548,10.293,8.281,6.678
秘鲁,PER,"Unemployment, total (% of total labor force) (national estimate)",SL.UEM.TOTL.NE.ZS,,,,,,,,,,5.9,4.84,4.57,4.4,4.23,4.0,4.92,5.2,5.82,6.5,7.12,6.97,6.77,6.98,9.2,10.5,11.79,5.32,3.63,,7.92,8.6,5.8,9.4,9.87,,,7.07,4.828,4.972,4.367,4.069,4.848,4.84,4.151,4.707,4.866,4.172,4.079,4.025,3.964,3.596,3.477,3.238,3.575,3.208,3.272,3.741,3.691,3.492,3.379,7.179,5.097,4.291,4.899
菲律宾,PHL,"Unemployment, total (% of total labor force) (national estimate)",SL.UEM.TOTL.NE.ZS,,,,,,,,,,6.7,,5.28,5.36,4.77,3.21,3.83,4.8,4.47,4.0,3.5,4.75,5.36,5.5,4.89,7.03,6.07,6.43,9.1,8.34,8.42,8.13,10.599,9.866,9.289,9.483,9.526,8.564,8.777,10.254,9.809,11.189,3.698,,3.527,3.554,3.795,4.052,3.434,3.72,3.858,3.605,3.592,3.504,3.497,3.6,3.068,2.695,2.552,2.338,2.237,2.522,3.398,2.598,
帕劳,PLW,"Unemployment, total (% of total labor force) (national estimate)",SL.UEM.TOTL.NE.ZS,,,,,,,,,,,,,,,,,,,,,,,,,,,,,,,7.76,,,,,7.03,,,,,3.3,,,,,4.18,,,,,,,,,1.357,,,,,,0.765,,,
巴布亚新几内亚,PNG,"Unemployment, total (% of total labor force) (national estimate)",SL.UEM.TOTL.NE.ZS,,,,,,,,,,,,,,,,,,,,,,,,,,,,,,,7.7,,,,,,,,,,2.92,,,,,,,,,,2.002,2.62,,,,,,,,,2.689,,2.689,
波兰,POL,"Unemployment, total (% of total labor force) (national estimate)",SL.UEM.TOTL.NE.ZS,,,,,,,,,,,,,,,,,,,,,,,,,,,,,,,,,13.645,14.393,14.825,13.695,12.684,10.964,9.935,12.29,14.928,18.435,20.211,19.899,18.822,17.592,13.794,9.551,7.069,8.131,9.578,9.576,10.031,10.293,8.971,7.475,6.141,4.867,3.835,3.267,3.155,3.268,2.811,2.743
波多黎各,PRI,"Unemployment, total (% of total labor force) (national estimate)",SL.UEM.TOTL.NE.ZS,,,,,,,,,,,,11.52,11.83,11.61,13.13,,19.65,19.04,16.73,14.53,17.1,17.83,19.91,22.24,20.0,20.67,19.53,17.01,15.01,14.6,14.52,16.18,16.93,16.91,14.6,13.93,13.64,13.8,13.46,11.81,10.08,11.4,11.94,11.78,10.31,11.35,11.01,10.93,11.48,15.0,16.1,15.7,14.5,14.3,13.9,12.0,11.8,10.8,9.2,8.3,6.0,7.9,6.0,
葡萄牙,PRT,"Unemployment, total (% of total labor force) (national estimate)",SL.UEM.TOTL.NE.ZS,,,,,,,,,,,,,,,1.77,4.5,6.4,,7.89,7.94,,,,7.3,,8.18,8.698,7.377,6.008,5.13,4.645,3.919,3.985,5.301,6.709,7.064,7.298,6.571,4.64,4.579,3.806,3.829,4.497,6.132,6.319,7.582,7.649,7.966,7.553,9.432,10.771,12.682,15.531,16.188,13.897,12.447,11.068,8.869,6.994,6.464,6.801,6.577,6.011,6.509
巴拉圭,PRY,"Unemployment, total (% of total labor force) (national estimate)",SL.UEM.TOTL.NE.ZS,,,,,,,,,,,,,,,,,,,,5.69,4.11,,5.61,8.25,7.33,5.13,6.1,5.51,4.72,5.62,5.8,5.1,4.98,5.06,4.41,3.4,8.15,5.36,4.417,5.343,7.61,6.206,9.393,6.814,6.513,4.825,5.277,4.713,4.415,5.46,4.569,4.67,4.086,4.385,5.034,4.556,5.255,6.138,6.217,6.595,7.548,7.311,6.755,5.794
约旦河西岸和加沙,PSE,"Unemployment, total (% of total labor force) (national estimate)",SL.UEM.TOTL.NE.ZS,,,,,,,,,,,,,,,,,,,,,,,,,,,,,,,,,,,,,,,,,10.625,21.493,27.465,23.004,23.215,20.016,19.014,18.282,22.913,20.452,21.416,17.597,19.202,19.894,20.527,23.005,23.939,25.677,26.256,25.34,25.895,26.39,24.42,
太平洋岛国,PSS,"Unemployment, total (% of total labor force) (national estimate)",SL.UEM.TOTL.NE.ZS,,,,,,,,,,,,,,,,,,,,,,,,,,,,,,,,,,,,,,,,,,,,,,,,,,5.824767751,,,,,,,,,,,5.824767751,,,
人口紅利之後,PST,"Unemployment, total (% of total labor force) (national estimate)",SL.UEM.TOTL.NE.ZS,,,,,,,,,,,,,,,,,,,,,,,,,,,,,,,5.742155736,6.540201719,7.105500795,7.640705596,7.642179617,7.186575998,7.31631631,7.177201429,7.230326879,6.952359798,6.374306556,6.257560163,6.62779706,6.718272012,6.520688247,6.258864723,5.928772237,5.511665379,5.846517924,8.073196412,8.36956742,8.008229313,8.064205518,7.946579113,7.417222663,6.844323035,6.416252362,5.855875964,5.312769065,4.974737292,6.765527392,5.835534499,4.545127564,4.49598413
法属波利尼西亚,PYF,"Unemployment, total (% of total labor force) (national estimate)",SL.UEM.TOTL.NE.ZS,,,,,,,,,,,,,,,,,,,,,,,,,,,,,9.7,,,,,,,,,,,,,,11.71,,,,,11.74,,,,,,,,,,,,,11.74,,,
卡塔尔,QAT,"Unemployment, total (% of total labor force) (national estimate)",SL.UEM.TOTL.NE.ZS,,,,,,,,,,,,,,,,,,,,,,,,,,,,,,,,,,,,,,,,,,,,,1.48,,0.87,0.52,0.31,0.31,0.45,0.56,0.48,0.28,0.2,0.17,0.15,0.14,0.11,0.1,0.14,0.14,0.13,
罗马尼亚,ROU,"Unemployment, total (% of total labor force) (national estimate)",SL.UEM.TOTL.NE.ZS,,,,,,,,,,,,,,,,,,,,,,,,,,,,,,,,,8.26,,8.17,8.01,6.74,5.515,5.63,6.239,6.969,6.562,8.112,6.95,7.719,7.174,7.27,6.413,5.788,6.859,6.959,7.177,6.794,7.096,6.802,6.812,5.901,4.927,4.187,3.912,5.035,5.59,5.614,5.592
俄罗斯联邦,RUS,"Unemployment, total (% of total labor force) (national estimate)",SL.UEM.TOTL.NE.ZS,,,,,,,,,,,,,,,,,,,,,,,,,,,,,,,,,5.181,5.883,8.131,9.449,9.665,11.813,13.261,13.036,10.581,8.978,7.875,8.21,7.763,7.124,7.055,6.002,6.205,8.301,7.407,6.571,5.484,5.513,5.212,5.615,5.591,5.238,4.871,4.513,5.62,4.749,3.867,3.076
卢旺达,RWA,"Unemployment, total (% of total labor force) (national estimate)",SL.UEM.TOTL.NE.ZS,,,,,,,,,,,,,,,,,,,,,,,,,,,,,,0.8,,0.3,,,,,0.56,,,,,,0.89,,,,,,,,,,,,1.169,,,11.875,10.759,11.236,11.829,15.775,15.084,12.352
南亚,SAS,"Unemployment, total (% of total labor force) (national estimate)",SL.UEM.TOTL.NE.ZS,,,,,,,,,,,,,,,,,,,,,,,,,,,,,,,,,,,2.539724121,,,,,,3.243260459,,,,,4.19711755,,,,,2.910015378,,3.262205693,,,,,,7.180990326,6.279222506,7.881886175,6.345558143,4.792618985,4.171287583
沙特阿拉伯,SAU,"Unemployment, total (% of total labor force) (national estimate)",SL.UEM.TOTL.NE.ZS,,,,,,,,,,,,,,,,,,,,,,,,,,,,,,,,,7.2,,,,,,,4.346,4.57,4.618,5.265,5.563,5.822,6.051,6.254,5.734,5.085,5.377,5.55,,5.622,5.6,5.877,5.6,5.6,5.89,6.029,5.636,7.66,6.621,5.589,4.008
苏丹,SDN,"Unemployment, total (% of total labor force) (national estimate)",SL.UEM.TOTL.NE.ZS,,,,,,,,,,,,,,,,,,,19.4,,,,,13.2,,12.1,13.11,,,,,,,,,,,,,,,,,,,,,,15.567,13.0,,17.44,,,,,,,,,7.53,,7.53,
塞内加尔,SEN,"Unemployment, total (% of total labor force) (national estimate)",SL.UEM.TOTL.NE.ZS,,,,,,,,,,,,,,,,,,,,,,,,,,,,,,,,,,,,,,,,,,,5.65,,,,10.03,,,,,2.853,,,,6.757,4.455,4.078,,2.863,2.837,,2.837,
新加坡,SGP,"Unemployment, total (% of total labor force) (national estimate)",SL.UEM.TOTL.NE.ZS,,,,,,,,,,,6.06,4.8,4.7,4.51,3.97,4.55,4.48,3.93,2.26,2.12,1.8,1.65,1.5,1.69,2.69,4.27,6.84,5.0,3.55,2.35,,2.18,3.09,3.07,3.03,3.3,3.57,2.5,3.41,4.85,3.7,3.76,5.65,5.93,5.84,5.59,4.48,3.9,3.96,5.86,4.12,3.89,3.72,3.86,3.74,3.79,4.08,4.2,,3.1,4.1,4.64,3.591,3.444
所罗门群岛,SLB,"Unemployment, total (% of total labor force) (national estimate)",SL.UEM.TOTL.NE.ZS,,,,,,,,,,,,,,,,,,,,,,,,,,,,,,,,,,,,,,,,,,,,,,,,,,2.02,,,,0.694,,,,,,,0.694,,,
塞拉利昂,SLE,"Unemployment, total (% of total labor force) (national estimate)",SL.UEM.TOTL.NE.ZS,,,,,,,,,,,,,,,,,,,,,,,,,,,,,,,,,,,,,,,,,,,,3.879,3.42,,,,,,,,,,4.678,,,,3.193,,3.193,,,
萨尔瓦多,SLV,"Unemployment, total (% of total labor force) (national estimate)",SL.UEM.TOTL.NE.ZS,,,,,,,,,,,,,,,,,,,3.73,6.79,13.34,,,,,16.95,8.63,,9.37,8.35,9.96,7.53,7.88,9.94,7.68,7.65,7.68,7.98,7.1,7.3,6.96,6.96,6.2,6.9,6.8,7.22,6.57,6.41,5.88,7.33,4.893,4.297,3.843,3.693,4.154,3.998,4.418,4.385,4.006,4.17,5.008,4.327,2.999,2.992
圣马力诺,SMR,"Unemployment, total (% of total labor force) (national estimate)",SL.UEM.TOTL.NE.ZS,,,,,,,,,,,,,,,,,,,,4.8,5.8,,,,7.2,6.9,6.9,6.2,6.0,5.3,5.5,4.3,4.2,5.1,3.9,3.9,5.1,4.4,4.1,3.0,2.8,,,,,2.11,1.63,,,4.02,4.37,5.06,5.19,6.08,6.61,7.38,6.45,7.89,7.83,7.54,7.23,6.34,4.91,
索马里,SOM,"Unemployment, total (% of total labor force) (national estimate)",SL.UEM.TOTL.NE.ZS,,,,,,,,,,,,,,,,,,,,,,,,,,,,,,,,,,,,,,,,,,,,,,,,,,,,,,,,,,,,18.828,18.828,,,
塞尔维亚,SRB,"Unemployment, total (% of total labor force) (national estimate)",SL.UEM.TOTL.NE.ZS,,,,,,,,,,,,,,,,,,,,,,,,,,,,,,,,,,,,13.4,13.2,13.8,13.7,13.7,12.6,12.8,13.8,15.2,18.5,20.85,20.85,18.06,13.67,16.116,19.204,22.959,24.0,22.154,19.223,17.66,15.257,13.477,12.733,10.395,9.011,9.843,8.439,8.268
南苏丹,SSD,"Unemployment, total (% of total labor force) (national estimate)",SL.UEM.TOTL.NE.ZS,,,,,,,,,,,,,,,,,,,,,,,,,,,,,,,,,,,,,,,,,,,,,,,,,12.298,,,,,,,,,,,,12.298,,,
圣多美和普林西比,STP,"Unemployment, total (% of total labor force) (national estimate)",SL.UEM.TOTL.NE.ZS,,,,,,,,,,,,,,,,,,,,0.61,0.57,0.7,0.56,0.48,0.34,,,,,,,,,,,,,,,,14.4,15.73,17.63,16.36,16.12,16.47,16.65,,,,,,13.59,,,,,8.808,,,8.808,,,
苏里南,SUR,"Unemployment, total (% of total labor force) (national estimate)",SL.UEM.TOTL.NE.ZS,,,,,,,,,,,,,,,,,,,,,,,,,,,16.37,19.53,,15.51,15.65,,17.28,15.64,12.7,8.39,10.88,10.56,10.63,13.6,,,,,9.49,,,,,8.72,7.15,7.54,8.1,6.6,6.94,7.22,7.917,,,,7.917,,,
斯洛伐克共和国,SVK,"Unemployment, total (% of total labor force) (national estimate)",SL.UEM.TOTL.NE.ZS,,,,,,,,,,,,,,,,,,,,,,,,,,,,,,,,,,12.2,13.654,13.109,11.341,11.894,12.421,16.099,18.546,19.149,18.541,17.55,18.206,16.276,13.395,11.16,9.514,12.023,14.387,13.634,13.966,14.227,11.537,11.492,9.679,8.142,6.544,5.761,6.719,6.894,6.143,5.843
斯洛文尼亚,SVN,"Unemployment, total (% of total labor force) (national estimate)",SL.UEM.TOTL.NE.ZS,,,,,,,,,,,,,,,,,,,,,,,,,,,,,,,,7.08,,8.51,8.24,7.15,6.886,6.658,7.4,7.33,6.92,5.682,5.922,6.479,6.012,6.506,5.95,4.818,4.371,5.858,7.236,8.166,8.841,10.103,9.668,8.962,8.0,6.565,5.108,4.446,4.971,4.744,4.011,3.652
瑞典,SWE,"Unemployment, total (% of total labor force) (national estimate)",SL.UEM.TOTL.NE.ZS,,,,,,,,,,1.89,1.51,2.55,2.7,2.46,1.98,1.62,1.61,,,,,,3.14,3.48,3.07,2.83,2.23,2.15,,1.46,1.832,3.243,5.722,9.33,9.58,8.897,9.547,10.359,8.941,7.607,5.466,4.73,4.965,5.555,6.693,7.81,7.066,6.161,6.235,8.351,8.61,7.804,7.976,8.052,7.954,7.432,6.99,6.718,6.365,6.833,8.291,8.722,7.392,7.611
斯威士兰,SWZ,"Unemployment, total (% of total labor force) (national estimate)",SL.UEM.TOTL.NE.ZS,,,,,,,,,,,,,,,,,,,,,,,,,,,,,,,,,,,,21.65,,22.5,,,,,,,,,,28.24,,,,,,,,,22.718,,,,34.153,34.153,,
塞舌尔,SYC,"Unemployment, total (% of total labor force) (national estimate)",SL.UEM.TOTL.NE.ZS,,,,,,,,,,,,,,,,,,,,,,,,,,,,,,,,,,,10.35,,,,,,,,9.81,,,5.5,,,,,,4.11,,,3.841,4.151,3.965,3.715,3.528,2.966,4.311,,,2.934
阿拉伯叙利亚共和国,SYR,"Unemployment, total (% of total labor force) (national estimate)",SL.UEM.TOTL.NE.ZS,,,,,,,,,,4.3,6.4,7.5,4.7,4.5,5.1,4.81,6.2,5.0,4.5,3.8,,,,4.24,4.7,,,,,5.78,,6.75,,7.4,7.5,7.2,,,,7.6,,11.63,11.68,10.28,,,8.17,8.42,10.94,8.14,8.61,,,,,,,,,,8.61,,,
特克斯科斯群岛,TCA,"Unemployment, total (% of total labor force) (national estimate)",SL.UEM.TOTL.NE.ZS,,,,,,,,,,,,,,,,,,,,,,,,,,,,,,,,,,,,,,,,,,9.71,6.18,7.77,9.86,8.04,7.45,5.43,8.3,,,,,,,,,,,,8.3,,,
乍得,TCD,"Unemployment, total (% of total labor force) (national estimate)",SL.UEM.TOTL.NE.ZS,,,,,,,,,,,,,,,,,,,,,,,,,,,,,,,,,,0.7,,,,,,,,,,,,,,,,,,,,,,,,,1.135,,1.135,,,
东亚与太平洋地区 (IBRD与IDA),TEA,"Unemployment, total (% of total labor force) (national estimate)",SL.UEM.TOTL.NE.ZS,,,,,,,,,,,,,,,,,,,,,,,,,,,,,,,2.757627562,2.572403194,2.547602223,2.793711373,3.118603218,3.055368227,3.22735965,3.32189979,3.551887486,3.60884439,4.079058394,3.789167665,4.211798813,4.309301735,4.33716318,4.475881743,4.37807841,4.206803962,4.380554457,4.22389392,3.935846215,3.875053679,3.800562098,3.742282185,3.75670456,,,3.52925413,4.29600318,4.335991805,4.821795148,4.549347867,,
欧洲与中亚地区 (IBRD与IDA),TEC,"Unemployment, total (% of total labor force) (national estimate)",SL.UEM.TOTL.NE.ZS,,,,,,,,,,,,,,,,,,,,,,,,,,,,,,,,,6.464053835,6.971587443,8.375384651,8.510220958,9.079337065,9.949302471,10.83199843,11.63475455,10.05300859,9.877742576,9.659436565,9.525787794,9.186440482,8.547464878,8.211013671,7.49686602,7.365957711,9.178711987,8.804946978,8.049356168,7.55427366,7.608193875,7.543580333,7.526877249,7.471702964,7.103931392,6.857938194,6.923809574,7.150550189,6.87292586,5.596509905,4.992782201
多哥,TGO,"Unemployment, total (% of total labor force) (national estimate)",SL.UEM.TOTL.NE.ZS,,,,,,,,,,,,,,,,,,,,,,,,,,,,,,,,,,,,,,,,,,,,,,,4.229,,,,,1.982,,,,2.204,,3.744,,2.036,1.965,,1.965,
泰国,THA,"Unemployment, total (% of total labor force) (national estimate)",SL.UEM.TOTL.NE.ZS,,,,,,,,,,,,0.19,0.51,0.43,0.47,0.45,0.6,0.9,0.75,0.92,0.93,1.26,2.66,2.9,2.9,4.93,3.5,5.77,3.04,1.39,2.21,2.63,1.35,1.49,1.347,1.1,1.071,0.873,3.404,2.968,2.389,2.6,,1.54,1.51,1.35,1.22,1.18,1.18,1.49,0.622,0.66,0.58,0.249,0.576,0.597,0.688,0.83,0.766,0.716,1.099,1.215,0.94,0.733
塔吉克斯坦,TJK,"Unemployment, total (% of total labor force) (national estimate)",SL.UEM.TOTL.NE.ZS,,,,,,,,,,,,,,,,,,,,,,,,,,,,,,,,,0.4,1.2,1.7,2.0,2.6,2.7,3.2,3.0,2.7,2.3,2.5,3.85,2.0,2.0,2.2,2.874,,11.5,,,,,,,,,,,11.5,,,
土库曼斯坦,TKM,"Unemployment, total (% of total labor force) (national estimate)",SL.UEM.TOTL.NE.ZS,,,,,,,,,,,,,,,,,,,,,,,,,,,,,,,,,,,,,,,,,,,,,,,,,,4.0,4.0,,,,,,,,,,4.0,,,
拉丁美洲与加勒比海地区 (IBRD与IDA),TLA,"Unemployment, total (% of total labor force) (national estimate)",SL.UEM.TOTL.NE.ZS,,,,,,,,,,,,,,,,,,,,,,,,,,,,,,,6.541378771,,6.642308843,6.486956254,,8.398793953,8.890376228,8.401987444,9.025193424,9.813071474,,9.166315984,9.764366477,9.539687504,8.58634752,8.451167402,7.346846984,7.461282375,6.839965106,7.869575915,,6.612826609,6.415384604,6.193052945,6.023783137,6.56592701,7.673029845,8.037342841,8.05928152,8.118319646,10.51773364,9.277849302,6.951176825,6.15784507
东帝汶,TLS,"Unemployment, total (% of total labor force) (national estimate)",SL.UEM.TOTL.NE.ZS,,,,,,,,,,,,,,,,,,,,,,,,,,,,,,,,,,,,,,,,,,5.235,,,,,,5.646,,,3.301,,,4.05,,3.678,4.657,,,,1.537,2.344,1.537,
中东与北非地区 (IBRD与IDA),TMN,"Unemployment, total (% of total labor force) (national estimate)",SL.UEM.TOTL.NE.ZS,,,,,,,,,,,,,,,,,,,,,,,,,,,,,,,,12.42423613,,,,,,,,,,,13.60433636,,11.84906161,12.28594486,11.20174042,10.46420925,10.35735242,10.48122395,11.05460975,11.69771223,11.81956653,11.51285638,11.5824983,11.84235448,11.88674059,,,,10.23748783,10.23748783,,
汤加,TON,"Unemployment, total (% of total labor force) (national estimate)",SL.UEM.TOTL.NE.ZS,,,,,,,,,,,,,,,,,,,,,,,,,,,,,,,4.16,,,1.3,,,,,,,,,,5.18,,,1.09,,,,,,,,,,1.054,,2.248,,2.111,2.111,,
南亚 (IBRD与IDA),TSA,"Unemployment, total (% of total labor force) (national estimate)",SL.UEM.TOTL.NE.ZS,,,,,,,,,,,,,,,,,,,,,,,,,,,,,,,,,,,2.539724121,,,,,,3.243260459,,,,,4.19711755,,,,,2.910015378,,3.262205693,,,,,,7.180990326,6.279222506,7.881886175,6.345558143,4.792618985,4.171287583
特立尼达和多巴哥,TTO,"Unemployment, total (% of total labor force) (national estimate)",SL.UEM.TOTL.NE.ZS,,,,,,,,,,13.17,12.76,13.03,,15.4,15.24,14.99,,8.98,7.27,6.75,6.03,6.31,6.22,6.61,8.17,9.31,9.37,22.11,21.88,21.95,19.87,18.52,19.66,19.81,18.44,17.22,16.25,15.01,14.21,13.12,12.1,10.88,10.39,10.48,8.33,7.95,6.27,5.54,4.63,5.28,4.033,3.425,3.718,2.683,2.477,2.428,3.207,,,3.523,4.206,4.446,4.383,3.362
突尼斯,TUN,"Unemployment, total (% of total labor force) (national estimate)",SL.UEM.TOTL.NE.ZS,,,,,,,,,,,,,,,,,,,,,,,,,,,,,,16.13,,,,,,,,15.94,,15.21,14.94,14.4,14.55,14.51,14.23,12.872,12.51,12.365,12.444,13.291,13.049,18.334,17.63,15.934,14.259,15.159,15.557,15.33,15.459,17.153,15.106,,15.301,15.106
土耳其,TUR,"Unemployment, total (% of total labor force) (national estimate)",SL.UEM.TOTL.NE.ZS,,,,,,,,,,,,,,,,,,,,,,,10.93,12.06,11.92,11.21,,,8.04,8.26,8.015,8.21,8.509,8.962,8.577,7.644,6.629,6.841,6.888,7.687,6.495,8.381,10.358,10.542,10.838,10.636,10.227,10.285,10.965,14.026,11.879,9.789,9.21,9.713,9.901,10.304,10.899,10.919,10.956,13.73,13.148,11.969,10.465,9.388
图瓦卢,TUV,"Unemployment, total (% of total labor force) (national estimate)",SL.UEM.TOTL.NE.ZS,,,,,,,,,,,,,,,,,,,,,,,,,,,,,,,,,,,,,,,,,,,6.53,,,,,,,,,,,,,,8.489,26.553,,,7.318,,7.318,
坦桑尼亚,TZA,"Unemployment, total (% of total labor force) (national estimate)",SL.UEM.TOTL.NE.ZS,,,,,,,,,,,,,,,,,,,,,,,,,,,,,,,,3.6,,,,,,,,,,2.994,3.6,,,,3.299,,0.343,2.5,1.314,3.47,1.437,2.93,2.125,,,,,,2.781,,,
乌干达,UGA,"Unemployment, total (% of total labor force) (national estimate)",SL.UEM.TOTL.NE.ZS,,,,,,,,,,,,,,,,,,,,,,,,,,,,,,,,,,,,,,,,,,,3.5,3.6,,1.9,,,,3.6,1.401,0.882,3.551,1.91,1.566,,,3.428,,2.563,3.422,3.422,,
乌克兰,UKR,"Unemployment, total (% of total labor force) (national estimate)",SL.UEM.TOTL.NE.ZS,,,,,,,,,,,,,,,,,,,,,,,,,,,,,,,,,,,,5.62,7.65,8.93,11.32,11.864,11.707,11.061,10.136,9.057,8.59,7.18,6.81,6.351,6.363,8.84,8.1,7.851,7.529,7.17,9.27,9.14,9.35,9.5,8.799,8.194,9.475,9.834,,
中高等收入国家,UMC,"Unemployment, total (% of total labor force) (national estimate)",SL.UEM.TOTL.NE.ZS,,,,,,,,,,,,,,,,,,,,,,,,,,,,,,,3.151525078,3.085429941,3.288959353,3.518680494,3.70827404,4.317968741,4.41925276,4.561282953,5.045503222,5.353772854,5.48536832,5.666369114,6.223330205,6.096287855,5.993499632,5.963468416,5.659463873,5.653985516,5.594555649,5.928429,5.389380947,5.385060247,5.314270982,5.176166771,5.227960634,,,5.626261365,6.169790287,6.296167936,7.015023426,6.653323848,,
乌拉圭,URY,"Unemployment, total (% of total labor force) (national estimate)",SL.UEM.TOTL.NE.ZS,,,,,,,,,,,7.5,7.6,7.7,8.9,8.1,,,,,,7.3,6.6,11.7,,9.94,,10.7,9.1,,,8.53,8.95,8.96,8.35,9.04,10.02,11.93,11.44,9.362,10.466,12.627,15.052,16.648,16.661,12.98,12.009,10.844,9.403,8.026,7.74,7.158,6.307,6.451,6.444,6.547,7.488,7.841,7.89,8.336,8.836,10.413,9.328,7.877,8.355
美国,USA,"Unemployment, total (% of total labor force) (national estimate)",SL.UEM.TOTL.NE.ZS,5.5,6.7,5.5,5.7,5.2,4.5,3.8,3.8,3.6,3.5,4.9,5.9,5.6,4.9,5.6,8.5,7.7,7.1,6.1,5.8,7.1,7.6,9.7,9.6,7.5,7.2,7.0,6.2,5.5,5.3,5.6,6.8,7.5,6.9,6.119,5.65,5.451,5.0,4.511,4.219,3.992,4.731,5.783,5.989,5.529,5.084,4.623,4.622,5.784,9.254,9.633,8.949,8.069,7.375,6.168,5.28,4.869,4.355,3.896,3.669,8.055,5.349,3.65,3.638
乌兹别克斯坦,UZB,"Unemployment, total (% of total labor force) (national estimate)",SL.UEM.TOTL.NE.ZS,,,,,,,,,,,,,,,,,,,,,,,,,,,,,,,,,0.2,0.4,0.4,0.4,,,,,0.4,0.4,0.4,0.3,0.4,0.3,0.2,4.99,4.89,5.04,5.36,4.96,4.87,4.86,5.09,5.15,5.16,5.83,9.35,8.98,5.293,,,
圣文森特和格林纳丁斯,VCT,"Unemployment, total (% of total labor force) (national estimate)",SL.UEM.TOTL.NE.ZS,,,,,,,,,,,,,,,,,,,,,23.5,,,,,,,,,,,19.77,,,,,,,,,,21.1,,,,,,,18.79,,,,,,,,,,,,18.79,,,
委内瑞拉玻利瓦尔共和国,VEN,"Unemployment, total (% of total labor force) (national estimate)",SL.UEM.TOTL.NE.ZS,,,,,,,,,,,,,,,,7.01,6.34,5.11,4.98,5.81,5.89,7.0,8.05,11.49,12.86,13.16,10.93,9.1,7.28,9.74,13.96,,,,8.56,10.24,11.77,,,,,8.83,16.17,16.78,,10.663,8.606,7.279,6.245,6.097,7.112,6.902,6.601,,,,5.319,5.045,,,7.53,,,
英屬維爾京群島,VGB,"Unemployment, total (% of total labor force) (national estimate)",SL.UEM.TOTL.NE.ZS,,,,,,,,,,,,,,,,,,,,,,,,,,,,,,,,3.29,,,,,,,,,,,,,,,,,,,,,,,,,,,,,3.29,,,
越南,VNM,"Unemployment, total (% of total labor force) (national estimate)",SL.UEM.TOTL.NE.ZS,,,,,,,,,,,,,,,,,,,,,,,,,,,,,,,,,,,,,1.93,2.87,2.29,2.33,2.26,2.76,2.12,2.25,2.14,,,2.026,,1.737,1.114,0.999,1.027,1.316,1.256,1.849,1.848,1.874,1.161,1.681,2.103,2.385,1.523,1.645
瓦努阿图,VUT,"Unemployment, total (% of total labor force) (national estimate)",SL.UEM.TOTL.NE.ZS,,,,,,,,,,,,,,,,,,,,,,,,,,,,,,,,,,,,,,,,,,,,,,,8.006,,,4.565,1.848,,,,,,,,,5.445,4.046,,,
世界,WLD,"Unemployment, total (% of total labor force) (national estimate)",SL.UEM.TOTL.NE.ZS,,,,,,,,,,,,,,,,,,,,,,,,,,,,,,,,,,,4.920390894,,5.639674123,,,6.233298186,5.505199926,6.05166372,,6.450819263,,5.774482148,5.749517975,5.551746529,,6.344519855,5.488213786,5.894036724,5.439100804,5.625096133,5.594375953,,,5.602492963,5.97845214,5.906427856,6.709474329,6.208237343,,
萨摩亚,WSM,"Unemployment, total (% of total labor force) (national estimate)",SL.UEM.TOTL.NE.ZS,,,,,,,,,,,,,,,,,,,,,,,,,,,,,,,,2.1,,,,,,,,,,4.96,,,,,1.29,,,,,5.68,8.752,,8.72,,,9.4,,,5.048,,5.048,
科索沃,XKX,"Unemployment, total (% of total labor force) (national estimate)",SL.UEM.TOTL.NE.ZS,,,,,,,,,,,,,,,,,,,,,,,,,,,,,,,,,,,,,,,,,11.629,57.0,55.0,49.7,39.7,41.4,44.9,46.3,47.5,45.4,,,30.879,29.767,35.264,32.84,27.491,30.344,27.761,25.069,25.459,20.392,12.093,
也门共和国,YEM,"Unemployment, total (% of total labor force) (national estimate)",SL.UEM.TOTL.NE.ZS,,,,,,,,,,,,,,,,,,,,,,,,,,,,,,,,,,,8.34,,,,,11.46,,,,,16.23,16.05,15.7,15.33,14.97,14.63,17.82,,,,13.467,,,,,,13.467,,,
南非,ZAF,"Unemployment, total (% of total labor force) (national estimate)",SL.UEM.TOTL.NE.ZS,,,,,,,,,,,,,,,,,,,,,,,,,,,,,,,,,,,,,,,25.0,25.37,29.88,25.371,27.18,27.116,24.673,23.84,22.616,22.326,22.407,23.523,24.683,24.639,24.727,24.561,24.89,25.149,26.537,27.035,26.906,28.468,29.217,34.007,33.268,32.098
赞比亚,ZMB,"Unemployment, total (% of total labor force) (national estimate)",SL.UEM.TOTL.NE.ZS,,,,,,,,,,,,,,,,,,,,,,,,,,,13.0,,,,15.0,18.9,,19.7,,,15.3,,12.0,,12.93,,,,,15.9,,,7.93,,13.19,,7.85,,,11.888,,4.529,5.032,5.538,6.032,5.197,5.993,5.861
津巴布韦,ZWE,"Unemployment, total (% of total labor force) (national estimate)",SL.UEM.TOTL.NE.ZS,,,,,,,,,,,,,,,,,,,,,,,10.8,,,,,7.18,,,,,,,4.96,,,6.93,,6.0,,,,,4.39,,,,,,,5.368,,,4.774,,,,,7.373,9.348,9.54,10.087,9.348
