IndicatorCode,Indicator,ValueType,ParentLocationCode,ParentLocation,Location type,Country Code,Location,Period type,Period,IsLatestYear,Dim1 type,Dim1,Dim1ValueCode,Dim2 type,Dim2,Dim2ValueCode,Dim3 type,Dim3,Dim3ValueCode,DataSourceDimValueCode,DataSource,FactValueNumericPrefix,FactValueNumeric,FactValueUoM,FactValueNumericLowPrefix,FactValueNumericLow,FactValueNumericHighPrefix,FactValueNumericHigh,Value,FactValueTranslationID,FactComments,Language,DateModified
MH_12,Age-standardized suicide rates (per 100 000 population),numeric,AMR,Americas,Country,BRB,Barbados,Year,2019,TRUE,Sex,Both sexes,BTSX,,,,,,,,,,0.31,,,0.22,,0.42,0.31 [0.22 閳?0.42],,,EN,2021-02-08T18:30:00.000Z
MH_12,Age-standardized suicide rates (per 100 000 population),numeric,AMR,Americas,Country,ATG,Antigua and Barbuda,Year,2019,TRUE,Sex,Both sexes,BTSX,,,,,,,,,,0.32,,,0.22,,0.45,0.32 [0.22 閳?0.45],,,EN,2021-02-08T18:30:00.000Z
MH_12,Age-standardized suicide rates (per 100 000 population),numeric,AMR,Americas,Country,GRD,Grenada,Year,2019,TRUE,Sex,Both sexes,BTSX,,,,,,,,,,0.64,,,0.45,,0.88,0.64 [0.45 閳?0.88],,,EN,2021-02-08T18:30:00.000Z
MH_12,Age-standardized suicide rates (per 100 000 population),numeric,AMR,Americas,Country,VCT,Saint Vincent and the Grenadines,Year,2019,TRUE,Sex,Both sexes,BTSX,,,,,,,,,,1.01,,,0.7,,1.41,1.01 [0.7 閳?1.41],,,EN,2021-02-08T18:30:00.000Z
MH_12,Age-standardized suicide rates (per 100 000 population),numeric,EMR,Eastern Mediterranean,Country,JOR,Jordan,Year,2019,TRUE,Sex,Both sexes,BTSX,,,,,,,,,,1.98,,,1.29,,2.9,1.98 [1.29 閳?2.9],,,EN,2021-02-08T18:30:00.000Z
MH_12,Age-standardized suicide rates (per 100 000 population),numeric,AFR,Africa,Country,NER,Niger,Year,2019,TRUE,Sex,Both sexes,BTSX,,,,,,,,,,10.15,,,5.39,,17.81,10.15 [5.39 閳?17.81],,,EN,2021-02-08T18:30:00.000Z
MH_12,Age-standardized suicide rates (per 100 000 population),numeric,AMR,Americas,Country,CUB,Cuba,Year,2019,TRUE,Sex,Both sexes,BTSX,,,,,,,,,,10.19,,,7.46,,18.01,10.19 [7.46 閳?18.01],,,EN,2021-02-08T18:30:00.000Z
MH_12,Age-standardized suicide rates (per 100 000 population),numeric,WPR,Western Pacific,Country,NZL,New Zealand,Year,2019,TRUE,Sex,Both sexes,BTSX,,,,,,,,,,10.3,,,8.6,,12.24,10.3 [8.6 閳?12.24],,,EN,2021-02-08T18:30:00.000Z
MH_12,Age-standardized suicide rates (per 100 000 population),numeric,AMR,Americas,Country,CAN,Canada,Year,2019,TRUE,Sex,Both sexes,BTSX,,,,,,,,,,10.34,,,8.35,,14.8,10.34 [8.35 閳?14.8],,,EN,2021-02-08T18:30:00.000Z
MH_12,Age-standardized suicide rates (per 100 000 population),numeric,EUR,Europe,Country,AUT,Austria,Year,2019,TRUE,Sex,Both sexes,BTSX,,,,,,,,,,10.4,,,8.59,,12.5,10.4 [8.59 閳?12.5],,,EN,2021-02-08T18:30:00.000Z
MH_12,Age-standardized suicide rates (per 100 000 population),numeric,AFR,Africa,Country,UGA,Uganda,Year,2019,TRUE,Sex,Both sexes,BTSX,,,,,,,,,,10.45,,,6.43,,16.47,10.45 [6.43 閳?16.47],,,EN,2021-02-08T18:30:00.000Z
MH_12,Age-standardized suicide rates (per 100 000 population),numeric,AFR,Africa,Country,GHA,Ghana,Year,2019,TRUE,Sex,Both sexes,BTSX,,,,,,,,,,10.54,,,6.47,,16.05,10.54 [6.47 閳?16.05],,,EN,2021-02-08T18:30:00.000Z
MH_12,Age-standardized suicide rates (per 100 000 population),numeric,AFR,Africa,Country,MWI,Malawi,Year,2019,TRUE,Sex,Both sexes,BTSX,,,,,,,,,,10.58,,,6.64,,15.99,10.58 [6.64 閳?15.99],,,EN,2021-02-08T18:30:00.000Z
MH_12,Age-standardized suicide rates (per 100 000 population),numeric,AFR,Africa,Country,SEN,Senegal,Year,2019,TRUE,Sex,Both sexes,BTSX,,,,,,,,,,10.99,,,6.52,,17.15,10.99 [6.52 閳?17.15],,,EN,2021-02-08T18:30:00.000Z
MH_12,Age-standardized suicide rates (per 100 000 population),numeric,AFR,Africa,Country,KEN,Kenya,Year,2019,TRUE,Sex,Both sexes,BTSX,,,,,,,,,,11.01,,,7.75,,15.47,11.01 [7.75 閳?15.47],,,EN,2021-02-08T18:30:00.000Z
MH_12,Age-standardized suicide rates (per 100 000 population),numeric,EUR,Europe,Country,HRV,Croatia,Year,2019,TRUE,Sex,Both sexes,BTSX,,,,,,,,,,11.01,,,7.85,,15.03,11.01 [7.85 閳?15.03],,,EN,2021-02-08T18:30:00.000Z
MH_12,Age-standardized suicide rates (per 100 000 population),numeric,EUR,Europe,Country,ISL,Iceland,Year,2019,TRUE,Sex,Both sexes,BTSX,,,,,,,,,,11.15,,,8.71,,13.97,11.15 [8.71 閳?13.97],,,EN,2021-02-08T18:30:00.000Z
MH_12,Age-standardized suicide rates (per 100 000 population),numeric,AMR,Americas,Country,HTI,Haiti,Year,2019,TRUE,Sex,Both sexes,BTSX,,,,,,,,,,11.17,,,5.74,,18.52,11.17 [5.74 閳?18.52],,,EN,2021-02-08T18:30:00.000Z
MH_12,Age-standardized suicide rates (per 100 000 population),numeric,AFR,Africa,Country,SLE,Sierra Leone,Year,2019,TRUE,Sex,Both sexes,BTSX,,,,,,,,,,11.25,,,6.21,,18.79,11.25 [6.21 閳?18.79],,,EN,2021-02-08T18:30:00.000Z
MH_12,Age-standardized suicide rates (per 100 000 population),numeric,WPR,Western Pacific,Country,AUS,Australia,Year,2019,TRUE,Sex,Both sexes,BTSX,,,,,,,,,,11.25,,,9.27,,16.5,11.25 [9.27 閳?16.5],,,EN,2021-02-08T18:30:00.000Z
MH_12,Age-standardized suicide rates (per 100 000 population),numeric,AFR,Africa,Country,COG,Congo,Year,2019,TRUE,Sex,Both sexes,BTSX,,,,,,,,,,11.62,,,6.88,,18.39,11.62 [6.88 閳?18.39],,,EN,2021-02-08T18:30:00.000Z
MH_12,Age-standardized suicide rates (per 100 000 population),numeric,EUR,Europe,Country,HUN,Hungary,Year,2019,TRUE,Sex,Both sexes,BTSX,,,,,,,,,,11.77,,,8.86,,15.37,11.77 [8.86 閳?15.37],,,EN,2021-02-08T18:30:00.000Z
MH_12,Age-standardized suicide rates (per 100 000 population),numeric,EMR,Eastern Mediterranean,Country,DJI,Djibouti,Year,2019,TRUE,Sex,Both sexes,BTSX,,,,,,,,,,11.95,,,5.9,,21.36,11.95 [5.9 閳?21.36],,,EN,2021-02-08T18:30:00.000Z
MH_12,Age-standardized suicide rates (per 100 000 population),numeric,EUR,Europe,Country,EST,Estonia,Year,2019,TRUE,Sex,Both sexes,BTSX,,,,,,,,,,11.96,,,8.26,,16.62,11.96 [8.26 閳?16.62],,,EN,2021-02-08T18:30:00.000Z
MH_12,Age-standardized suicide rates (per 100 000 population),numeric,AFR,Africa,Country,BDI,Burundi,Year,2019,TRUE,Sex,Both sexes,BTSX,,,,,,,,,,12.12,,,7.17,,19.67,12.12 [7.17 閳?19.67],,,EN,2021-02-08T18:30:00.000Z
MH_12,Age-standardized suicide rates (per 100 000 population),numeric,EUR,Europe,Country,MDA,Republic of Moldova,Year,2019,TRUE,Sex,Both sexes,BTSX,,,,,,,,,,12.17,,,9.31,,24.05,12.17 [9.31 閳?24.05],,,EN,2021-02-08T18:30:00.000Z
MH_12,Age-standardized suicide rates (per 100 000 population),numeric,WPR,Western Pacific,Country,JPN,Japan,Year,2019,TRUE,Sex,Both sexes,BTSX,,,,,,,,,,12.24,,,11.61,,12.87,12.24 [11.61 閳?12.87],,,EN,2021-02-08T18:30:00.000Z
MH_12,Age-standardized suicide rates (per 100 000 population),numeric,AFR,Africa,Country,GIN,Guinea,Year,2019,TRUE,Sex,Both sexes,BTSX,,,,,,,,,,12.33,,,6.72,,20.44,12.33 [6.72 閳?20.44],,,EN,2021-02-08T18:30:00.000Z
MH_12,Age-standardized suicide rates (per 100 000 population),numeric,EUR,Europe,Country,SWE,Sweden,Year,2019,TRUE,Sex,Both sexes,BTSX,,,,,,,,,,12.37,,,10.52,,14.39,12.37 [10.52 閳?14.39],,,EN,2021-02-08T18:30:00.000Z
MH_12,Age-standardized suicide rates (per 100 000 population),numeric,AFR,Africa,Country,GNB,Guinea-Bissau,Year,2019,TRUE,Sex,Both sexes,BTSX,,,,,,,,,,12.38,,,7.05,,19.94,12.38 [7.05 閳?19.94],,,EN,2021-02-08T18:30:00.000Z
MH_12,Age-standardized suicide rates (per 100 000 population),numeric,AFR,Africa,Country,COD,Democratic Republic of the Congo,Year,2019,TRUE,Sex,Both sexes,BTSX,,,,,,,,,,12.41,,,7.41,,19.61,12.41 [7.41 閳?19.61],,,EN,2021-02-08T18:30:00.000Z
MH_12,Age-standardized suicide rates (per 100 000 population),numeric,AFR,Africa,Country,AGO,Angola,Year,2019,TRUE,Sex,Both sexes,BTSX,,,,,,,,,,12.55,,,7.7,,19.43,12.55 [7.7 閳?19.43],,,EN,2021-02-08T18:30:00.000Z
MH_12,Age-standardized suicide rates (per 100 000 population),numeric,AFR,Africa,Country,BEN,Benin,Year,2019,TRUE,Sex,Both sexes,BTSX,,,,,,,,,,12.71,,,7.57,,20.41,12.71 [7.57 閳?20.41],,,EN,2021-02-08T18:30:00.000Z
MH_12,Age-standardized suicide rates (per 100 000 population),numeric,SEAR,South-East Asia,Country,LKA,Sri Lanka,Year,2019,TRUE,Sex,Both sexes,BTSX,,,,,,,,,,12.89,,,8.32,,21,12.89 [8.32 閳?21],,,EN,2021-02-08T18:30:00.000Z
MH_12,Age-standardized suicide rates (per 100 000 population),numeric,SEAR,South-East Asia,Country,IND,India,Year,2019,TRUE,Sex,Both sexes,BTSX,,,,,,,,,,12.91,,,9.29,,16.5,12.91 [9.29 閳?16.5],,,EN,2021-02-08T18:30:00.000Z
MH_12,Age-standardized suicide rates (per 100 000 population),numeric,AFR,Africa,Country,GAB,Gabon,Year,2019,TRUE,Sex,Both sexes,BTSX,,,,,,,,,,13.11,,,7.5,,21.26,13.11 [7.5 閳?21.26],,,EN,2021-02-08T18:30:00.000Z
MH_12,Age-standardized suicide rates (per 100 000 population),numeric,AFR,Africa,Country,TCD,Chad,Year,2019,TRUE,Sex,Both sexes,BTSX,,,,,,,,,,13.22,,,7.54,,21.54,13.22 [7.54 閳?21.54],,,EN,2021-02-08T18:30:00.000Z
MH_12,Age-standardized suicide rates (per 100 000 population),numeric,EUR,Europe,Country,FIN,Finland,Year,2019,TRUE,Sex,Both sexes,BTSX,,,,,,,,,,13.43,,,10.94,,16.13,13.43 [10.94 閳?16.13],,,EN,2021-02-08T18:30:00.000Z
MH_12,Age-standardized suicide rates (per 100 000 population),numeric,AFR,Africa,Country,GNQ,Equatorial Guinea,Year,2019,TRUE,Sex,Both sexes,BTSX,,,,,,,,,,13.51,,,7.2,,24.44,13.51 [7.2 閳?24.44],,,EN,2021-02-08T18:30:00.000Z
MH_12,Age-standardized suicide rates (per 100 000 population),numeric,AFR,Africa,Country,NAM,Namibia,Year,2019,TRUE,Sex,Both sexes,BTSX,,,,,,,,,,13.51,,,7.62,,22.65,13.51 [7.62 閳?22.65],,,EN,2021-02-08T18:30:00.000Z
MH_12,Age-standardized suicide rates (per 100 000 population),numeric,EUR,Europe,Country,BEL,Belgium,Year,2019,TRUE,Sex,Both sexes,BTSX,,,,,,,,,,13.93,,,11.49,,16.63,13.93 [11.49 閳?16.63],,,EN,2021-02-08T18:30:00.000Z
MH_12,Age-standardized suicide rates (per 100 000 population),numeric,EUR,Europe,Country,SVN,Slovenia,Year,2019,TRUE,Sex,Both sexes,BTSX,,,,,,,,,,13.97,,,9.88,,19.53,13.97 [9.88 閳?19.53],,,EN,2021-02-08T18:30:00.000Z
MH_12,Age-standardized suicide rates (per 100 000 population),numeric,AFR,Africa,Country,BFA,Burkina Faso,Year,2019,TRUE,Sex,Both sexes,BTSX,,,,,,,,,,14.38,,,8.77,,22.09,14.38 [8.77 閳?22.09],,,EN,2021-02-08T18:30:00.000Z
MH_12,Age-standardized suicide rates (per 100 000 population),numeric,AFR,Africa,Country,ZMB,Zambia,Year,2019,TRUE,Sex,Both sexes,BTSX,,,,,,,,,,14.43,,,8.83,,22.12,14.43 [8.83 閳?22.12],,,EN,2021-02-08T18:30:00.000Z
MH_12,Age-standardized suicide rates (per 100 000 population),numeric,AMR,Americas,Country,USA,United States of America,Year,2019,TRUE,Sex,Both sexes,BTSX,,,,,,,,,,14.51,,,13.56,,19.35,14.51 [13.56 閳?19.35],,,EN,2021-02-08T18:30:00.000Z
MH_12,Age-standardized suicide rates (per 100 000 population),numeric,WPR,Western Pacific,Country,WSM,Samoa,Year,2019,TRUE,Sex,Both sexes,BTSX,,,,,,,,,,14.6,,,7.64,,23.46,14.6 [7.64 閳?23.46],,,EN,2021-02-08T18:30:00.000Z
MH_12,Age-standardized suicide rates (per 100 000 population),numeric,EMR,Eastern Mediterranean,Country,SOM,Somalia,Year,2019,TRUE,Sex,Both sexes,BTSX,,,,,,,,,,14.66,,,7,,26.15,14.66 [7 閳?26.15],,,EN,2021-02-08T18:30:00.000Z
MH_12,Age-standardized suicide rates (per 100 000 population),numeric,AFR,Africa,Country,TGO,Togo,Year,2019,TRUE,Sex,Both sexes,BTSX,,,,,,,,,,14.81,,,8.76,,23.28,14.81 [8.76 閳?23.28],,,EN,2021-02-08T18:30:00.000Z
MH_12,Age-standardized suicide rates (per 100 000 population),numeric,AFR,Africa,Country,CPV,Cabo Verde,Year,2019,TRUE,Sex,Both sexes,BTSX,,,,,,,,,,15.23,,,9.49,,23.19,15.23 [9.49 閳?23.19],,,EN,2021-02-08T18:30:00.000Z
MH_12,Age-standardized suicide rates (per 100 000 population),numeric,AFR,Africa,Country,CIV,C涔坱e d閳ユ┃voire,Year,2019,TRUE,Sex,Both sexes,BTSX,,,,,,,,,,15.66,,,9.31,,24.83,15.66 [9.31 閳?24.83],,,EN,2021-02-08T18:30:00.000Z
MH_12,Age-standardized suicide rates (per 100 000 population),numeric,AFR,Africa,Country,CMR,Cameroon,Year,2019,TRUE,Sex,Both sexes,BTSX,,,,,,,,,,15.92,,,9.35,,25.56,15.92 [9.35 閳?25.56],,,EN,2021-02-08T18:30:00.000Z
MH_12,Age-standardized suicide rates (per 100 000 population),numeric,EUR,Europe,Country,LVA,Latvia,Year,2019,TRUE,Sex,Both sexes,BTSX,,,,,,,,,,16.06,,,11.22,,22.15,16.06 [11.22 閳?22.15],,,EN,2021-02-08T18:30:00.000Z
MH_12,Age-standardized suicide rates (per 100 000 population),numeric,EUR,Europe,Country,MNE,Montenegro,Year,2019,TRUE,Sex,Both sexes,BTSX,,,,,,,,,,16.22,,,10.88,,23.55,16.22 [10.88 閳?23.55],,,EN,2021-02-08T18:30:00.000Z
MH_12,Age-standardized suicide rates (per 100 000 population),numeric,EUR,Europe,Country,BLR,Belarus,Year,2019,TRUE,Sex,Both sexes,BTSX,,,,,,,,,,16.49,,,11.39,,23.72,16.49 [11.39 閳?23.72],,,EN,2021-02-08T18:30:00.000Z
MH_12,Age-standardized suicide rates (per 100 000 population),numeric,AFR,Africa,Country,ERI,Eritrea,Year,2019,TRUE,Sex,Both sexes,BTSX,,,,,,,,,,17.26,,,9.46,,28.27,17.26 [9.46 閳?28.27],,,EN,2021-02-08T18:30:00.000Z
MH_12,Age-standardized suicide rates (per 100 000 population),numeric,WPR,Western Pacific,Country,SLB,Solomon Islands,Year,2019,TRUE,Sex,Both sexes,BTSX,,,,,,,,,,17.37,,,7.81,,27.62,17.37 [7.81 閳?27.62],,,EN,2021-02-08T18:30:00.000Z
MH_12,Age-standardized suicide rates (per 100 000 population),numeric,EUR,Europe,Country,UKR,Ukraine,Year,2019,TRUE,Sex,Both sexes,BTSX,,,,,,,,,,17.73,,,12.98,,23.51,17.73 [12.98 閳?23.51],,,EN,2021-02-08T18:30:00.000Z
MH_12,Age-standardized suicide rates (per 100 000 population),numeric,WPR,Western Pacific,Country,MNG,Mongolia,Year,2019,TRUE,Sex,Both sexes,BTSX,,,,,,,,,,18.02,,,11.01,,28.04,18.02 [11.01 閳?28.04],,,EN,2021-02-08T18:30:00.000Z
MH_12,Age-standardized suicide rates (per 100 000 population),numeric,EUR,Europe,Country,KAZ,Kazakhstan,Year,2019,TRUE,Sex,Both sexes,BTSX,,,,,,,,,,18.05,,,13.89,,23.16,18.05 [13.89 閳?23.16],,,EN,2021-02-08T18:30:00.000Z
MH_12,Age-standardized suicide rates (per 100 000 population),numeric,AMR,Americas,Country,URY,Uruguay,Year,2019,TRUE,Sex,Both sexes,BTSX,,,,,,,,,,18.83,,,15.07,,23.13,18.83 [15.07 閳?23.13],,,EN,2021-02-08T18:30:00.000Z
MH_12,Age-standardized suicide rates (per 100 000 population),numeric,AMR,Americas,Country,VEN,Venezuela (Bolivarian Republic of),Year,2019,TRUE,Sex,Both sexes,BTSX,,,,,,,,,,2.1,,,1.38,,3.03,2.1 [1.38 閳?3.03],,,EN,2021-02-08T18:30:00.000Z
MH_12,Age-standardized suicide rates (per 100 000 population),numeric,EMR,Eastern Mediterranean,Country,SYR,Syrian Arab Republic,Year,2019,TRUE,Sex,Both sexes,BTSX,,,,,,,,,,2.11,,,1.28,,3.23,2.11 [1.28 閳?3.23],,,EN,2021-02-08T18:30:00.000Z
MH_12,Age-standardized suicide rates (per 100 000 population),numeric,AFR,Africa,Country,STP,Sao Tome and Principe,Year,2019,TRUE,Sex,Both sexes,BTSX,,,,,,,,,,2.2,,,1.18,,3.62,2.2 [1.18 閳?3.62],,,EN,2021-02-08T18:30:00.000Z
MH_12,Age-standardized suicide rates (per 100 000 population),numeric,AMR,Americas,Country,JAM,Jamaica,Year,2019,TRUE,Sex,Both sexes,BTSX,,,,,,,,,,2.28,,,1.53,,3.25,2.28 [1.53 閳?3.25],,,EN,2021-02-08T18:30:00.000Z
MH_12,Age-standardized suicide rates (per 100 000 population),numeric,EUR,Europe,Country,TUR,Turkey,Year,2019,TRUE,Sex,Both sexes,BTSX,,,,,,,,,,2.34,,,1.56,,3.49,2.34 [1.56 閳?3.49],,,EN,2021-02-08T18:30:00.000Z
MH_12,Age-standardized suicide rates (per 100 000 population),numeric,WPR,Western Pacific,Country,BRN,Brunei Darussalam,Year,2019,TRUE,Sex,Both sexes,BTSX,,,,,,,,,,2.54,,,1.63,,3.58,2.54 [1.63 閳?3.58],,,EN,2021-02-08T18:30:00.000Z
MH_12,Age-standardized suicide rates (per 100 000 population),numeric,WPR,Western Pacific,Country,PHL,Philippines,Year,2019,TRUE,Sex,Both sexes,BTSX,,,,,,,,,,2.54,,,1.81,,9.34,2.54 [1.81 閳?9.34],,,EN,2021-02-08T18:30:00.000Z
MH_12,Age-standardized suicide rates (per 100 000 population),numeric,SEAR,South-East Asia,Country,IDN,Indonesia,Year,2019,TRUE,Sex,Both sexes,BTSX,,,,,,,,,,2.55,,,1.81,,3.45,2.55 [1.81 閳?3.45],,,EN,2021-02-08T18:30:00.000Z
MH_12,Age-standardized suicide rates (per 100 000 population),numeric,AMR,Americas,Country,HND,Honduras,Year,2019,TRUE,Sex,Both sexes,BTSX,,,,,,,,,,2.58,,,1.34,,4.98,2.58 [1.34 閳?4.98],,,EN,2021-02-08T18:30:00.000Z
MH_12,Age-standardized suicide rates (per 100 000 population),numeric,AFR,Africa,Country,DZA,Algeria,Year,2019,TRUE,Sex,Both sexes,BTSX,,,,,,,,,,2.6,,,1.41,,4.44,2.6 [1.41 閳?4.44],,,EN,2021-02-08T18:30:00.000Z
MH_12,Age-standardized suicide rates (per 100 000 population),numeric,EMR,Eastern Mediterranean,Country,KWT,Kuwait,Year,2019,TRUE,Sex,Both sexes,BTSX,,,,,,,,,,2.66,,,1.85,,3.73,2.66 [1.85 閳?3.73],,,EN,2021-02-08T18:30:00.000Z
MH_12,Age-standardized suicide rates (per 100 000 population),numeric,EUR,Europe,Country,ARM,Armenia,Year,2019,TRUE,Sex,Both sexes,BTSX,,,,,,,,,,2.66,,,1.94,,3.55,2.66 [1.94 閳?3.55],,,EN,2021-02-08T18:30:00.000Z
MH_12,Age-standardized suicide rates (per 100 000 population),numeric,AMR,Americas,Country,PER,Peru,Year,2019,TRUE,Sex,Both sexes,BTSX,,,,,,,,,,2.73,,,1.57,,4.28,2.73 [1.57 閳?4.28],,,EN,2021-02-08T18:30:00.000Z
MH_12,Age-standardized suicide rates (per 100 000 population),numeric,EMR,Eastern Mediterranean,Country,LBN,Lebanon,Year,2019,TRUE,Sex,Both sexes,BTSX,,,,,,,,,,2.76,,,1.43,,5.04,2.76 [1.43 閳?5.04],,,EN,2021-02-08T18:30:00.000Z
MH_12,Age-standardized suicide rates (per 100 000 population),numeric,SEAR,South-East Asia,Country,MDV,Maldives,Year,2019,TRUE,Sex,Both sexes,BTSX,,,,,,,,,,2.76,,,1.73,,4.13,2.76 [1.73 閳?4.13],,,EN,2021-02-08T18:30:00.000Z
MH_12,Age-standardized suicide rates (per 100 000 population),numeric,AMR,Americas,Country,PAN,Panama,Year,2019,TRUE,Sex,Both sexes,BTSX,,,,,,,,,,2.86,,,1.92,,4.08,2.86 [1.92 閳?4.08],,,EN,2021-02-08T18:30:00.000Z
MH_12,Age-standardized suicide rates (per 100 000 population),numeric,SEAR,South-East Asia,Country,MMR,Myanmar,Year,2019,TRUE,Sex,Both sexes,BTSX,,,,,,,,,,2.96,,,1.8,,4.46,2.96 [1.8 閳?4.46],,,EN,2021-02-08T18:30:00.000Z
MH_12,Age-standardized suicide rates (per 100 000 population),numeric,EUR,Europe,Country,LTU,Lithuania,Year,2019,TRUE,Sex,Both sexes,BTSX,,,,,,,,,,20.15,,,15.09,,26.29,20.15 [15.09 閳?26.29],,,EN,2021-02-08T18:30:00.000Z
MH_12,Age-standardized suicide rates (per 100 000 population),numeric,AFR,Africa,Country,BWA,Botswana,Year,2019,TRUE,Sex,Both sexes,BTSX,,,,,,,,,,20.22,,,10.86,,34.48,20.22 [10.86 閳?34.48],,,EN,2021-02-08T18:30:00.000Z
MH_12,Age-standardized suicide rates (per 100 000 population),numeric,WPR,Western Pacific,Country,VUT,Vanuatu,Year,2019,TRUE,Sex,Both sexes,BTSX,,,,,,,,,,20.96,,,10.75,,33.37,20.96 [10.75 閳?33.37],,,EN,2021-02-08T18:30:00.000Z
MH_12,Age-standardized suicide rates (per 100 000 population),numeric,WPR,Western Pacific,Country,KOR,Republic of Korea,Year,2019,TRUE,Sex,Both sexes,BTSX,,,,,,,,,,21.16,,,12.28,,32.43,21.16 [12.28 閳?32.43],,,EN,2021-02-08T18:30:00.000Z
MH_12,Age-standardized suicide rates (per 100 000 population),numeric,EUR,Europe,Country,RUS,Russian Federation,Year,2019,TRUE,Sex,Both sexes,BTSX,,,,,,,,,,21.6,,,17.45,,27.23,21.6 [17.45 閳?27.23],,,EN,2021-02-08T18:30:00.000Z
MH_12,Age-standardized suicide rates (per 100 000 population),numeric,AFR,Africa,Country,CAF,Central African Republic,Year,2019,TRUE,Sex,Both sexes,BTSX,,,,,,,,,,22.96,,,12.75,,37.6,22.96 [12.75 閳?37.6],,,EN,2021-02-08T18:30:00.000Z
MH_12,Age-standardized suicide rates (per 100 000 population),numeric,AFR,Africa,Country,MOZ,Mozambique,Year,2019,TRUE,Sex,Both sexes,BTSX,,,,,,,,,,23.19,,,13.59,,36.38,23.19 [13.59 閳?36.38],,,EN,2021-02-08T18:30:00.000Z
MH_12,Age-standardized suicide rates (per 100 000 population),numeric,AFR,Africa,Country,ZAF,South Africa,Year,2019,TRUE,Sex,Both sexes,BTSX,,,,,,,,,,23.49,,,16.22,,32.13,23.49 [16.22 閳?32.13],,,EN,2021-02-08T18:30:00.000Z
MH_12,Age-standardized suicide rates (per 100 000 population),numeric,AFR,Africa,Country,ZWE,Zimbabwe,Year,2019,TRUE,Sex,Both sexes,BTSX,,,,,,,,,,23.63,,,12.62,,37.48,23.63 [12.62 閳?37.48],,,EN,2021-02-08T18:30:00.000Z
MH_12,Age-standardized suicide rates (per 100 000 population),numeric,AMR,Americas,Country,SUR,Suriname,Year,2019,TRUE,Sex,Both sexes,BTSX,,,,,,,,,,25.89,,,17.38,,36.82,25.89 [17.38 閳?36.82],,,EN,2021-02-08T18:30:00.000Z
MH_12,Age-standardized suicide rates (per 100 000 population),numeric,WPR,Western Pacific,Country,FSM,Micronesia (Federated States of),Year,2019,TRUE,Sex,Both sexes,BTSX,,,,,,,,,,28.99,,,11.8,,47,28.99 [11.8 閳?47],,,EN,2021-02-08T18:30:00.000Z
MH_12,Age-standardized suicide rates (per 100 000 population),numeric,EMR,Eastern Mediterranean,Country,TUN,Tunisia,Year,2019,TRUE,Sex,Both sexes,BTSX,,,,,,,,,,3.18,,,1.71,,5.42,3.18 [1.71 閳?5.42],,,EN,2021-02-08T18:30:00.000Z
MH_12,Age-standardized suicide rates (per 100 000 population),numeric,EUR,Europe,Country,CYP,Cyprus,Year,2019,TRUE,Sex,Both sexes,BTSX,,,,,,,,,,3.18,,,2.01,,4.4,3.18 [2.01 閳?4.4],,,EN,2021-02-08T18:30:00.000Z
MH_12,Age-standardized suicide rates (per 100 000 population),numeric,AMR,Americas,Country,BHS,Bahamas,Year,2019,TRUE,Sex,Both sexes,BTSX,,,,,,,,,,3.37,,,2.31,,4.79,3.37 [2.31 閳?4.79],,,EN,2021-02-08T18:30:00.000Z
MH_12,Age-standardized suicide rates (per 100 000 population),numeric,EMR,Eastern Mediterranean,Country,EGY,Egypt,Year,2019,TRUE,Sex,Both sexes,BTSX,,,,,,,,,,3.41,,,1.57,,6.54,3.41 [1.57 閳?6.54],,,EN,2021-02-08T18:30:00.000Z
MH_12,Age-standardized suicide rates (per 100 000 population),numeric,WPR,Western Pacific,Country,PNG,Papua New Guinea,Year,2019,TRUE,Sex,Both sexes,BTSX,,,,,,,,,,3.57,,,2.03,,6.29,3.57 [2.03 閳?6.29],,,EN,2021-02-08T18:30:00.000Z
MH_12,Age-standardized suicide rates (per 100 000 population),numeric,EUR,Europe,Country,GRC,Greece,Year,2019,TRUE,Sex,Both sexes,BTSX,,,,,,,,,,3.62,,,2.82,,4.61,3.62 [2.82 閳?4.61],,,EN,2021-02-08T18:30:00.000Z
MH_12,Age-standardized suicide rates (per 100 000 population),numeric,EUR,Europe,Country,ALB,Albania,Year,2019,TRUE,Sex,Both sexes,BTSX,,,,,,,,,,3.72,,,2.05,,5.72,3.72 [2.05 閳?5.72],,,EN,2021-02-08T18:30:00.000Z
MH_12,Age-standardized suicide rates (per 100 000 population),numeric,AMR,Americas,Country,COL,Colombia,Year,2019,TRUE,Sex,Both sexes,BTSX,,,,,,,,,,3.74,,,2.54,,8.68,3.74 [2.54 閳?8.68],,,EN,2021-02-08T18:30:00.000Z
MH_12,Age-standardized suicide rates (per 100 000 population),numeric,SEAR,South-East Asia,Country,BGD,Bangladesh,Year,2019,TRUE,Sex,Both sexes,BTSX,,,,,,,,,,3.85,,,2.37,,5.99,3.85 [2.37 閳?5.99],,,EN,2021-02-08T18:30:00.000Z
MH_12,Age-standardized suicide rates (per 100 000 population),numeric,EUR,Europe,Country,AZE,Azerbaijan,Year,2019,TRUE,Sex,Both sexes,BTSX,,,,,,,,,,3.97,,,2.31,,6.31,3.97 [2.31 閳?6.31],,,EN,2021-02-08T18:30:00.000Z
MH_12,Age-standardized suicide rates (per 100 000 population),numeric,WPR,Western Pacific,Country,KIR,Kiribati,Year,2019,TRUE,Sex,Both sexes,BTSX,,,,,,,,,,30.56,,,19.07,,45.69,30.56 [19.07 閳?45.69],,,EN,2021-02-08T18:30:00.000Z
MH_12,Age-standardized suicide rates (per 100 000 population),numeric,EUR,Europe,Country,ITA,Italy,Year,2019,TRUE,Sex,Both sexes,BTSX,,,,,,,,,,4.33,,,3.96,,6.87,4.33 [3.96 閳?6.87],,,EN,2021-02-08T18:30:00.000Z
MH_12,Age-standardized suicide rates (per 100 000 population),numeric,WPR,Western Pacific,Country,TON,Tonga,Year,2019,TRUE,Sex,Both sexes,BTSX,,,,,,,,,,4.37,,,2.61,,6.9,4.37 [2.61 閳?6.9],,,EN,2021-02-08T18:30:00.000Z
MH_12,Age-standardized suicide rates (per 100 000 population),numeric,EMR,Eastern Mediterranean,Country,OMN,Oman,Year,2019,TRUE,Sex,Both sexes,BTSX,,,,,,,,,,4.47,,,2.68,,7.64,4.47 [2.68 閳?7.64],,,EN,2021-02-08T18:30:00.000Z
MH_12,Age-standardized suicide rates (per 100 000 population),numeric,EMR,Eastern Mediterranean,Country,LBY,Libya,Year,2019,TRUE,Sex,Both sexes,BTSX,,,,,,,,,,4.49,,,2.54,,7.42,4.49 [2.54 閳?7.42],,,EN,2021-02-08T18:30:00.000Z
MH_12,Age-standardized suicide rates (per 100 000 population),numeric,SEAR,South-East Asia,Country,TLS,Timor-Leste,Year,2019,TRUE,Sex,Both sexes,BTSX,,,,,,,,,,4.53,,,1.71,,7.74,4.53 [1.71 閳?7.74],,,EN,2021-02-08T18:30:00.000Z
MH_12,Age-standardized suicide rates (per 100 000 population),numeric,EMR,Eastern Mediterranean,Country,QAT,Qatar,Year,2019,TRUE,Sex,Both sexes,BTSX,,,,,,,,,,4.66,,,2.87,,7.46,4.66 [2.87 閳?7.46],,,EN,2021-02-08T18:30:00.000Z
MH_12,Age-standardized suicide rates (per 100 000 population),numeric,AMR,Americas,Country,NIC,Nicaragua,Year,2019,TRUE,Sex,Both sexes,BTSX,,,,,,,,,,4.66,,,3.02,,11.76,4.66 [3.02 閳?11.76],,,EN,2021-02-08T18:30:00.000Z
MH_12,Age-standardized suicide rates (per 100 000 population),numeric,EMR,Eastern Mediterranean,Country,IRQ,Iraq,Year,2019,TRUE,Sex,Both sexes,BTSX,,,,,,,,,,4.74,,,2.78,,7.51,4.74 [2.78 閳?7.51],,,EN,2021-02-08T18:30:00.000Z
MH_12,Age-standardized suicide rates (per 100 000 population),numeric,EMR,Eastern Mediterranean,Country,SDN,Sudan,Year,2019,TRUE,Sex,Both sexes,BTSX,,,,,,,,,,4.76,,,2.34,,8.27,4.76 [2.34 閳?8.27],,,EN,2021-02-08T18:30:00.000Z
MH_12,Age-standardized suicide rates (per 100 000 population),numeric,AFR,Africa,Country,SWZ,Eswatini,Year,2019,TRUE,Sex,Both sexes,BTSX,,,,,,,,,,40.46,,,20.07,,69.18,40.46 [20.07 閳?69.18],,,EN,2021-02-08T18:30:00.000Z
MH_12,Age-standardized suicide rates (per 100 000 population),numeric,AMR,Americas,Country,GUY,Guyana,Year,2019,TRUE,Sex,Both sexes,BTSX,,,,,,,,,,40.85,,,27.04,,66.78,40.85 [27.04 閳?66.78],,,EN,2021-02-08T18:30:00.000Z
MH_12,Age-standardized suicide rates (per 100 000 population),numeric,SEAR,South-East Asia,Country,BTN,Bhutan,Year,2019,TRUE,Sex,Both sexes,BTSX,,,,,,,,,,5.07,,,2.72,,8.49,5.07 [2.72 閳?8.49],,,EN,2021-02-08T18:30:00.000Z
MH_12,Age-standardized suicide rates (per 100 000 population),numeric,AMR,Americas,Country,DOM,Dominican Republic,Year,2019,TRUE,Sex,Both sexes,BTSX,,,,,,,,,,5.11,,,2.94,,8.42,5.11 [2.94 閳?8.42],,,EN,2021-02-08T18:30:00.000Z
MH_12,Age-standardized suicide rates (per 100 000 population),numeric,EMR,Eastern Mediterranean,Country,IRN,Iran (Islamic Republic of),Year,2019,TRUE,Sex,Both sexes,BTSX,,,,,,,,,,5.13,,,4.01,,6.34,5.13 [4.01 閳?6.34],,,EN,2021-02-08T18:30:00.000Z
MH_12,Age-standardized suicide rates (per 100 000 population),numeric,EUR,Europe,Country,ISR,Israel,Year,2019,TRUE,Sex,Both sexes,BTSX,,,,,,,,,,5.15,,,4.07,,6.43,5.15 [4.07 閳?6.43],,,EN,2021-02-08T18:30:00.000Z
MH_12,Age-standardized suicide rates (per 100 000 population),numeric,EMR,Eastern Mediterranean,Country,ARE,United Arab Emirates,Year,2019,TRUE,Sex,Both sexes,BTSX,,,,,,,,,,5.24,,,2.92,,8.39,5.24 [2.92 閳?8.39],,,EN,2021-02-08T18:30:00.000Z
MH_12,Age-standardized suicide rates (per 100 000 population),numeric,EUR,Europe,Country,ESP,Spain,Year,2019,TRUE,Sex,Both sexes,BTSX,,,,,,,,,,5.28,,,4.23,,6.47,5.28 [4.23 閳?6.47],,,EN,2021-02-08T18:30:00.000Z
MH_12,Age-standardized suicide rates (per 100 000 population),numeric,AMR,Americas,Country,MEX,Mexico,Year,2019,TRUE,Sex,Both sexes,BTSX,,,,,,,,,,5.29,,,4.28,,6.46,5.29 [4.28 閳?6.46],,,EN,2021-02-08T18:30:00.000Z
MH_12,Age-standardized suicide rates (per 100 000 population),numeric,EUR,Europe,Country,TJK,Tajikistan,Year,2019,TRUE,Sex,Both sexes,BTSX,,,,,,,,,,5.32,,,3.26,,7.99,5.32 [3.26 閳?7.99],,,EN,2021-02-08T18:30:00.000Z
MH_12,Age-standardized suicide rates (per 100 000 population),numeric,EUR,Europe,Country,MLT,Malta,Year,2019,TRUE,Sex,Both sexes,BTSX,,,,,,,,,,5.32,,,3.96,,6.95,5.32 [3.96 閳?6.95],,,EN,2021-02-08T18:30:00.000Z
MH_12,Age-standardized suicide rates (per 100 000 population),numeric,EMR,Eastern Mediterranean,Country,SAU,Saudi Arabia,Year,2019,TRUE,Sex,Both sexes,BTSX,,,,,,,,,,5.43,,,3.24,,8.5,5.43 [3.24 閳?8.5],,,EN,2021-02-08T18:30:00.000Z
MH_12,Age-standardized suicide rates (per 100 000 population),numeric,AFR,Africa,Country,MRT,Mauritania,Year,2019,TRUE,Sex,Both sexes,BTSX,,,,,,,,,,5.47,,,2.74,,10.05,5.47 [2.74 閳?10.05],,,EN,2021-02-08T18:30:00.000Z
MH_12,Age-standardized suicide rates (per 100 000 population),numeric,WPR,Western Pacific,Country,KHM,Cambodia,Year,2019,TRUE,Sex,Both sexes,BTSX,,,,,,,,,,5.49,,,3.26,,8.45,5.49 [3.26 閳?8.45],,,EN,2021-02-08T18:30:00.000Z
MH_12,Age-standardized suicide rates (per 100 000 population),numeric,WPR,Western Pacific,Country,MYS,Malaysia,Year,2019,TRUE,Sex,Both sexes,BTSX,,,,,,,,,,5.77,,,3.53,,9,5.77 [3.53 閳?9],,,EN,2021-02-08T18:30:00.000Z
MH_12,Age-standardized suicide rates (per 100 000 population),numeric,EMR,Eastern Mediterranean,Country,AFG,Afghanistan,Year,2019,TRUE,Sex,Both sexes,BTSX,,,,,,,,,,5.96,,,3.4,,9.91,5.96 [3.4 閳?9.91],,,EN,2021-02-08T18:30:00.000Z
MH_12,Age-standardized suicide rates (per 100 000 population),numeric,WPR,Western Pacific,Country,LAO,Lao People's Democratic Republic,Year,2019,TRUE,Sex,Both sexes,BTSX,,,,,,,,,,5.98,,,3.28,,9.69,5.98 [3.28 閳?9.69],,,EN,2021-02-08T18:30:00.000Z
MH_12,Age-standardized suicide rates (per 100 000 population),numeric,EUR,Europe,Country,TKM,Turkmenistan,Year,2019,TRUE,Sex,Both sexes,BTSX,,,,,,,,,,6.07,,,4.24,,8.43,6.07 [4.24 閳?8.43],,,EN,2021-02-08T18:30:00.000Z
MH_12,Age-standardized suicide rates (per 100 000 population),numeric,AMR,Americas,Country,SLV,El Salvador,Year,2019,TRUE,Sex,Both sexes,BTSX,,,,,,,,,,6.11,,,3.7,,13.28,6.11 [3.7 閳?13.28],,,EN,2021-02-08T18:30:00.000Z
MH_12,Age-standardized suicide rates (per 100 000 population),numeric,AMR,Americas,Country,PRY,Paraguay,Year,2019,TRUE,Sex,Both sexes,BTSX,,,,,,,,,,6.16,,,3.47,,9.25,6.16 [3.47 閳?9.25],,,EN,2021-02-08T18:30:00.000Z
MH_12,Age-standardized suicide rates (per 100 000 population),numeric,AMR,Americas,Country,GTM,Guatemala,Year,2019,TRUE,Sex,Both sexes,BTSX,,,,,,,,,,6.23,,,4.33,,8.61,6.23 [4.33 閳?8.61],,,EN,2021-02-08T18:30:00.000Z
MH_12,Age-standardized suicide rates (per 100 000 population),numeric,AMR,Americas,Country,BRA,Brazil,Year,2019,TRUE,Sex,Both sexes,BTSX,,,,,,,,,,6.41,,,5.79,,12.1,6.41 [5.79 閳?12.1],,,EN,2021-02-08T18:30:00.000Z
MH_12,Age-standardized suicide rates (per 100 000 population),numeric,EUR,Europe,Country,BGR,Bulgaria,Year,2019,TRUE,Sex,Both sexes,BTSX,,,,,,,,,,6.5,,,4.57,,8.91,6.5 [4.57 閳?8.91],,,EN,2021-02-08T18:30:00.000Z
MH_12,Age-standardized suicide rates (per 100 000 population),numeric,WPR,Western Pacific,Country,CHN,China,Year,2019,TRUE,Sex,Both sexes,BTSX,,,,,,,,,,6.67,,,5.09,,8.72,6.67 [5.09 閳?8.72],,,EN,2021-02-08T18:30:00.000Z
MH_12,Age-standardized suicide rates (per 100 000 population),numeric,AFR,Africa,Country,SSD,South Sudan,Year,2019,TRUE,Sex,Both sexes,BTSX,,,,,,,,,,6.69,,,3.7,,11.51,6.69 [3.7 閳?11.51],,,EN,2021-02-08T18:30:00.000Z
MH_12,Age-standardized suicide rates (per 100 000 population),numeric,AMR,Americas,Country,BOL,Bolivia (Plurinational State of),Year,2019,TRUE,Sex,Both sexes,BTSX,,,,,,,,,,6.82,,,3.61,,11.15,6.82 [3.61 閳?11.15],,,EN,2021-02-08T18:30:00.000Z
MH_12,Age-standardized suicide rates (per 100 000 population),numeric,AMR,Americas,Country,LCA,Saint Lucia,Year,2019,TRUE,Sex,Both sexes,BTSX,,,,,,,,,,6.85,,,4.89,,9.29,6.85 [4.89 閳?9.29],,,EN,2021-02-08T18:30:00.000Z
MH_12,Age-standardized suicide rates (per 100 000 population),numeric,AFR,Africa,Country,NGA,Nigeria,Year,2019,TRUE,Sex,Both sexes,BTSX,,,,,,,,,,6.87,,,3.84,,11.43,6.87 [3.84 閳?11.43],,,EN,2021-02-08T18:30:00.000Z
MH_12,Age-standardized suicide rates (per 100 000 population),numeric,EUR,Europe,Country,GBR,United Kingdom of Great Britain and Northern Ireland,Year,2019,TRUE,Sex,Both sexes,BTSX,,,,,,,,,,6.88,,,6.51,,7.32,6.88 [6.51 閳?7.32],,,EN,2021-02-08T18:30:00.000Z
MH_12,Age-standardized suicide rates (per 100 000 population),numeric,EMR,Eastern Mediterranean,Country,YEM,Yemen,Year,2019,TRUE,Sex,Both sexes,BTSX,,,,,,,,,,7.06,,,3.51,,12.04,7.06 [3.51 閳?12.04],,,EN,2021-02-08T18:30:00.000Z
MH_12,Age-standardized suicide rates (per 100 000 population),numeric,EUR,Europe,Country,MKD,The former Yugoslav Republic of Macedonia,Year,2019,TRUE,Sex,Both sexes,BTSX,,,,,,,,,,7.15,,,4.68,,10.44,7.15 [4.68 閳?10.44],,,EN,2021-02-08T18:30:00.000Z
MH_12,Age-standardized suicide rates (per 100 000 population),numeric,EMR,Eastern Mediterranean,Country,BHR,Bahrain,Year,2019,TRUE,Sex,Both sexes,BTSX,,,,,,,,,,7.2,,,4.46,,10.45,7.2 [4.46 閳?10.45],,,EN,2021-02-08T18:30:00.000Z
MH_12,Age-standardized suicide rates (per 100 000 population),numeric,WPR,Western Pacific,Country,VNM,Viet Nam,Year,2019,TRUE,Sex,Both sexes,BTSX,,,,,,,,,,7.22,,,3.93,,11.27,7.22 [3.93 閳?11.27],,,EN,2021-02-08T18:30:00.000Z
MH_12,Age-standardized suicide rates (per 100 000 population),numeric,EUR,Europe,Country,PRT,Portugal,Year,2019,TRUE,Sex,Both sexes,BTSX,,,,,,,,,,7.22,,,5.68,,9.06,7.22 [5.68 閳?9.06],,,EN,2021-02-08T18:30:00.000Z
MH_12,Age-standardized suicide rates (per 100 000 population),numeric,EMR,Eastern Mediterranean,Country,MAR,Morocco,Year,2019,TRUE,Sex,Both sexes,BTSX,,,,,,,,,,7.29,,,3.38,,13.65,7.29 [3.38 閳?13.65],,,EN,2021-02-08T18:30:00.000Z
MH_12,Age-standardized suicide rates (per 100 000 population),numeric,EUR,Europe,Country,ROU,Romania,Year,2019,TRUE,Sex,Both sexes,BTSX,,,,,,,,,,7.33,,,5.47,,9.6,7.33 [5.47 閳?9.6],,,EN,2021-02-08T18:30:00.000Z
MH_12,Age-standardized suicide rates (per 100 000 population),numeric,AFR,Africa,Country,LBR,Liberia,Year,2019,TRUE,Sex,Both sexes,BTSX,,,,,,,,,,7.37,,,3.88,,13.25,7.37 [3.88 閳?13.25],,,EN,2021-02-08T18:30:00.000Z
MH_12,Age-standardized suicide rates (per 100 000 population),numeric,AMR,Americas,Country,CRI,Costa Rica,Year,2019,TRUE,Sex,Both sexes,BTSX,,,,,,,,,,7.62,,,5.29,,10.53,7.62 [5.29 閳?10.53],,,EN,2021-02-08T18:30:00.000Z
MH_12,Age-standardized suicide rates (per 100 000 population),numeric,EUR,Europe,Country,DNK,Denmark,Year,2019,TRUE,Sex,Both sexes,BTSX,,,,,,,,,,7.63,,,5.99,,9.6,7.63 [5.99 閳?9.6],,,EN,2021-02-08T18:30:00.000Z
MH_12,Age-standardized suicide rates (per 100 000 population),numeric,EUR,Europe,Country,GEO,Georgia,Year,2019,TRUE,Sex,Both sexes,BTSX,,,,,,,,,,7.65,,,5.25,,10.67,7.65 [5.25 閳?10.67],,,EN,2021-02-08T18:30:00.000Z
MH_12,Age-standardized suicide rates (per 100 000 population),numeric,AMR,Americas,Country,BLZ,Belize,Year,2019,TRUE,Sex,Both sexes,BTSX,,,,,,,,,,7.65,,,5.53,,10.27,7.65 [5.53 閳?10.27],,,EN,2021-02-08T18:30:00.000Z
MH_12,Age-standardized suicide rates (per 100 000 population),numeric,AMR,Americas,Country,ECU,Ecuador,Year,2019,TRUE,Sex,Both sexes,BTSX,,,,,,,,,,7.68,,,4.24,,10.91,7.68 [4.24 閳?10.91],,,EN,2021-02-08T18:30:00.000Z
MH_12,Age-standardized suicide rates (per 100 000 population),numeric,AFR,Africa,Country,SYC,Seychelles,Year,2019,TRUE,Sex,Both sexes,BTSX,,,,,,,,,,7.73,,,5.15,,11.06,7.73 [5.15 閳?11.06],,,EN,2021-02-08T18:30:00.000Z
MH_12,Age-standardized suicide rates (per 100 000 population),numeric,EUR,Europe,Country,SRB,Serbia,Year,2019,TRUE,Sex,Both sexes,BTSX,,,,,,,,,,7.86,,,5.38,,11.03,7.86 [5.38 閳?11.03],,,EN,2021-02-08T18:30:00.000Z
MH_12,Age-standardized suicide rates (per 100 000 population),numeric,SEAR,South-East Asia,Country,THA,Thailand,Year,2019,TRUE,Sex,Both sexes,BTSX,,,,,,,,,,7.95,,,4.92,,11.88,7.95 [4.92 閳?11.88],,,EN,2021-02-08T18:30:00.000Z
MH_12,Age-standardized suicide rates (per 100 000 population),numeric,AFR,Africa,Country,MLI,Mali,Year,2019,TRUE,Sex,Both sexes,BTSX,,,,,,,,,,7.96,,,4.03,,14.59,7.96 [4.03 閳?14.59],,,EN,2021-02-08T18:30:00.000Z
MH_12,Age-standardized suicide rates (per 100 000 population),numeric,AMR,Americas,Country,CHL,Chile,Year,2019,TRUE,Sex,Both sexes,BTSX,,,,,,,,,,8.04,,,6.5,,9.79,8.04 [6.5 閳?9.79],,,EN,2021-02-08T18:30:00.000Z
MH_12,Age-standardized suicide rates (per 100 000 population),numeric,AMR,Americas,Country,ARG,Argentina,Year,2019,TRUE,Sex,Both sexes,BTSX,,,,,,,,,,8.14,,,6.47,,10.05,8.14 [6.47 閳?10.05],,,EN,2021-02-08T18:30:00.000Z
MH_12,Age-standardized suicide rates (per 100 000 population),numeric,AFR,Africa,Country,TZA,United Republic of Tanzania,Year,2019,TRUE,Sex,Both sexes,BTSX,,,,,,,,,,8.15,,,5.03,,12.47,8.15 [5.03 閳?12.47],,,EN,2021-02-08T18:30:00.000Z
MH_12,Age-standardized suicide rates (per 100 000 population),numeric,SEAR,South-East Asia,Country,PRK,Democratic People's Republic of Korea,Year,2019,TRUE,Sex,Both sexes,BTSX,,,,,,,,,,8.2,,,4.58,,13.91,8.2 [4.58 閳?13.91],,,EN,2021-02-08T18:30:00.000Z
MH_12,Age-standardized suicide rates (per 100 000 population),numeric,EUR,Europe,Country,BIH,Bosnia and Herzegovina,Year,2019,TRUE,Sex,Both sexes,BTSX,,,,,,,,,,8.25,,,5.13,,11.9,8.25 [5.13 閳?11.9],,,EN,2021-02-08T18:30:00.000Z
MH_12,Age-standardized suicide rates (per 100 000 population),numeric,EUR,Europe,Country,DEU,Germany,Year,2019,TRUE,Sex,Both sexes,BTSX,,,,,,,,,,8.27,,,6.74,,10,8.27 [6.74 閳?10],,,EN,2021-02-08T18:30:00.000Z
MH_12,Age-standardized suicide rates (per 100 000 population),numeric,AMR,Americas,Country,TTO,Trinidad and Tobago,Year,2019,TRUE,Sex,Both sexes,BTSX,,,,,,,,,,8.28,,,5.41,,12.06,8.28 [5.41 閳?12.06],,,EN,2021-02-08T18:30:00.000Z
MH_12,Age-standardized suicide rates (per 100 000 population),numeric,EUR,Europe,Country,UZB,Uzbekistan,Year,2019,TRUE,Sex,Both sexes,BTSX,,,,,,,,,,8.28,,,6.16,,10.78,8.28 [6.16 閳?10.78],,,EN,2021-02-08T18:30:00.000Z
MH_12,Age-standardized suicide rates (per 100 000 population),numeric,EUR,Europe,Country,KGZ,Kyrgyzstan,Year,2019,TRUE,Sex,Both sexes,BTSX,,,,,,,,,,8.28,,,6.32,,10.7,8.28 [6.32 閳?10.7],,,EN,2021-02-08T18:30:00.000Z
MH_12,Age-standardized suicide rates (per 100 000 population),numeric,AFR,Africa,Country,COM,Comoros,Year,2019,TRUE,Sex,Both sexes,BTSX,,,,,,,,,,8.46,,,4.03,,15.8,8.46 [4.03 閳?15.8],,,EN,2021-02-08T18:30:00.000Z
MH_12,Age-standardized suicide rates (per 100 000 population),numeric,EUR,Europe,Country,LUX,Luxembourg,Year,2019,TRUE,Sex,Both sexes,BTSX,,,,,,,,,,8.62,,,6.48,,11.25,8.62 [6.48 閳?11.25],,,EN,2021-02-08T18:30:00.000Z
MH_12,Age-standardized suicide rates (per 100 000 population),numeric,AFR,Africa,Country,MUS,Mauritius,Year,2019,TRUE,Sex,Both sexes,BTSX,,,,,,,,,,8.75,,,6.31,,11.74,8.75 [6.31 閳?11.74],,,EN,2021-02-08T18:30:00.000Z
MH_12,Age-standardized suicide rates (per 100 000 population),numeric,EUR,Europe,Country,IRL,Ireland,Year,2019,TRUE,Sex,Both sexes,BTSX,,,,,,,,,,8.9,,,7.01,,11.12,8.9 [7.01 閳?11.12],,,EN,2021-02-08T18:30:00.000Z
MH_12,Age-standardized suicide rates (per 100 000 population),numeric,AFR,Africa,Country,LSO,Lesotho,Year,2019,TRUE,Sex,Both sexes,BTSX,,,,,,,,,,87.48,,,32.36,,166.9,87.48 [32.36 閳?166.9],,,EN,2021-02-08T18:30:00.000Z
MH_12,Age-standardized suicide rates (per 100 000 population),numeric,AFR,Africa,Country,MDG,Madagascar,Year,2019,TRUE,Sex,Both sexes,BTSX,,,,,,,,,,9.18,,,5.4,,14.67,9.18 [5.4 閳?14.67],,,EN,2021-02-08T18:30:00.000Z
MH_12,Age-standardized suicide rates (per 100 000 population),numeric,EUR,Europe,Country,NLD,Netherlands,Year,2019,TRUE,Sex,Both sexes,BTSX,,,,,,,,,,9.27,,,7.57,,11.18,9.27 [7.57 閳?11.18],,,EN,2021-02-08T18:30:00.000Z
MH_12,Age-standardized suicide rates (per 100 000 population),numeric,EUR,Europe,Country,POL,Poland,Year,2019,TRUE,Sex,Both sexes,BTSX,,,,,,,,,,9.3,,,7.34,,11.75,9.3 [7.34 閳?11.75],,,EN,2021-02-08T18:30:00.000Z
MH_12,Age-standardized suicide rates (per 100 000 population),numeric,EUR,Europe,Country,SVK,Slovakia,Year,2019,TRUE,Sex,Both sexes,BTSX,,,,,,,,,,9.31,,,6.09,,19.99,9.31 [6.09 閳?19.99],,,EN,2021-02-08T18:30:00.000Z
MH_12,Age-standardized suicide rates (per 100 000 population),numeric,AFR,Africa,Country,RWA,Rwanda,Year,2019,TRUE,Sex,Both sexes,BTSX,,,,,,,,,,9.45,,,5.5,,15.43,9.45 [5.5 閳?15.43],,,EN,2021-02-08T18:30:00.000Z
MH_12,Age-standardized suicide rates (per 100 000 population),numeric,AFR,Africa,Country,ETH,Ethiopia,Year,2019,TRUE,Sex,Both sexes,BTSX,,,,,,,,,,9.45,,,6.57,,13.54,9.45 [6.57 閳?13.54],,,EN,2021-02-08T18:30:00.000Z
MH_12,Age-standardized suicide rates (per 100 000 population),numeric,EUR,Europe,Country,CZE,Czechia,Year,2019,TRUE,Sex,Both sexes,BTSX,,,,,,,,,,9.48,,,7.16,,12.34,9.48 [7.16 閳?12.34],,,EN,2021-02-08T18:30:00.000Z
MH_12,Age-standardized suicide rates (per 100 000 population),numeric,WPR,Western Pacific,Country,FJI,Fiji,Year,2019,TRUE,Sex,Both sexes,BTSX,,,,,,,,,,9.51,,,5.88,,14.44,9.51 [5.88 閳?14.44],,,EN,2021-02-08T18:30:00.000Z
MH_12,Age-standardized suicide rates (per 100 000 population),numeric,AFR,Africa,Country,GMB,Gambia,Year,2019,TRUE,Sex,Both sexes,BTSX,,,,,,,,,,9.64,,,5.1,,16.44,9.64 [5.1 閳?16.44],,,EN,2021-02-08T18:30:00.000Z
MH_12,Age-standardized suicide rates (per 100 000 population),numeric,EUR,Europe,Country,FRA,France,Year,2019,TRUE,Sex,Both sexes,BTSX,,,,,,,,,,9.65,,,7.76,,15.08,9.65 [7.76 閳?15.08],,,EN,2021-02-08T18:30:00.000Z
MH_12,Age-standardized suicide rates (per 100 000 population),numeric,WPR,Western Pacific,Country,SGP,Singapore,Year,2019,TRUE,Sex,Both sexes,BTSX,,,,,,,,,,9.65,,,7.77,,11.77,9.65 [7.77 閳?11.77],,,EN,2021-02-08T18:30:00.000Z
MH_12,Age-standardized suicide rates (per 100 000 population),numeric,EMR,Eastern Mediterranean,Country,PAK,Pakistan,Year,2019,TRUE,Sex,Both sexes,BTSX,,,,,,,,,,9.77,,,4.86,,17.72,9.77 [4.86 閳?17.72],,,EN,2021-02-08T18:30:00.000Z
MH_12,Age-standardized suicide rates (per 100 000 population),numeric,SEAR,South-East Asia,Country,NPL,Nepal,Year,2019,TRUE,Sex,Both sexes,BTSX,,,,,,,,,,9.77,,,5.4,,15.22,9.77 [5.4 閳?15.22],,,EN,2021-02-08T18:30:00.000Z
MH_12,Age-standardized suicide rates (per 100 000 population),numeric,EUR,Europe,Country,CHE,Switzerland,Year,2019,TRUE,Sex,Both sexes,BTSX,,,,,,,,,,9.83,,,7.93,,12.04,9.83 [7.93 閳?12.04],,,EN,2021-02-08T18:30:00.000Z
MH_12,Age-standardized suicide rates (per 100 000 population),numeric,EUR,Europe,Country,NOR,Norway,Year,2019,TRUE,Sex,Both sexes,BTSX,,,,,,,,,,9.91,,,9,,10.95,9.91 [9 閳?10.95],,,EN,2021-02-08T18:30:00.000Z
